"","V1","V2","V3","V4","V5","V6","V7","V8","V9"
"1","ptg000001l","Liftoff","gene",7444503,7445916,".","-",".","ID=gene:ENSLAIG00005008396;biotype=protein_coding;gene_id=ENSLAIG00005008396;version=1;coverage=0.462;sequence_ID=0.435;valid_ORFs=0;extra_copy_number=0;copy_num_ID=gene:ENSLAIG00005008396_0;partial_mapping=True;low_identity=True"
"2","ptg000001l","Liftoff","mRNA",7444503,7445916,".","-",".","ID=transcript:ENSLAIT00005013897;Parent=gene:ENSLAIG00005008396;biotype=protein_coding;tag=Ensembl_canonical;transcript_id=ENSLAIT00005013897;version=1;matches_ref_protein=False;valid_ORF=False;missing_start_codon=True;extra_copy_number=0"
"3","ptg000001l","Liftoff","mRNA",7445089,7445916,".","-",".","ID=transcript:ENSLAIT00005013896;Parent=gene:ENSLAIG00005008396;biotype=protein_coding;transcript_id=ENSLAIT00005013896;version=1;matches_ref_protein=False;valid_ORF=False;missing_start_codon=True;extra_copy_number=0"
"4","ptg000001l","Liftoff","gene",8571294,8577444,".","+",".","ID=gene:ENSLAIG00005005744;biotype=protein_coding;gene_id=ENSLAIG00005005744;version=1;coverage=0.489;sequence_ID=0.446;valid_ORFs=0;extra_copy_number=0;copy_num_ID=gene:ENSLAIG00005005744_0;partial_mapping=True;low_identity=True"
"5","ptg000001l","Liftoff","mRNA",8571294,8577444,".","+",".","ID=transcript:ENSLAIT00005009954;Parent=gene:ENSLAIG00005005744;biotype=protein_coding;tag=Ensembl_canonical;transcript_id=ENSLAIT00005009954;version=1;matches_ref_protein=False;valid_ORF=False;missing_start_codon=True;extra_copy_number=0;em_target=7029.ACYPI008538-PA;em_score=171.0;em_evalue=3.15e-47;em_tcov=64.8;em_OGs=COG5640@1|root,KOG3627@2759|Eukaryota,3A0KD@33154|Opisthokonta,3BPQ8@33208|Metazoa,3D6YX@33213|Bilateria,41YTA@6656|Arthropoda,3SQER@50557|Insecta,3EC0X@33342|Paraneoptera;em_COG_cat=O;em_desc=Trypsin-like serine protease;em_max_annot_lvl=33208|Metazoa;em_Preferred_name=CLIPC1;em_PFAMs=CLIP,Trypsin;em_KEGG_ko=ko:K09640;em_BRITE=ko00000,ko01000,ko01002"
"6","ptg000003l","Liftoff","mRNA",3268871,3270459,".","+",".","ID=transcript:ENSLAIT00005019104;Parent=gene:ENSLAIG00005011842;biotype=protein_coding;transcript_id=ENSLAIT00005019104;version=1;matches_ref_protein=False;valid_ORF=False;missing_stop_codon=True;extra_copy_number=0;em_target=13037.EHJ70606;em_score=134.0;em_evalue=1.53e-37;em_tcov=40.3;em_OGs=COG1028@1|root,KOG4169@2759|Eukaryota,39MT4@33154|Opisthokonta,3BJE1@33208|Metazoa,3D0NN@33213|Bilateria,42213@6656|Arthropoda,3SQHW@50557|Insecta,449D5@7088|Lepidoptera;em_COG_cat=Q;em_desc=Polysaccharide biosynthesis protein;em_max_annot_lvl=33208|Metazoa;em_Preferred_name=HPGD;em_EC=1.1.1.141;em_KEGG_ko=ko:K00069;em_KEGG_Pathway=ko05202,map05202;em_BRITE=ko00000,ko00001,ko01000,ko04147;em_PFAMs=adh_short;em_GOs=GO:0000003,GO:0000166,GO:0001568,GO:0001655,GO:0001676,GO:0001822,GO:0001944,GO:0002237,GO:0003674,GO:0003824,GO:0004888,GO:0004930,GO:0004953,GO:0004954,GO:0004955,GO:0004957,GO:0005488,GO:0005515,GO:0005575,GO:0005576,GO:0005615,GO:0005622,GO:0005623,GO:0005634,GO:0005654,GO:0005737,GO:0005829,GO:0006082,GO:0006629,GO:0006631,GO:0006633,GO:0006636,GO:0006690,GO:0006692,GO:0006693,GO:0007154,GO:0007165,GO:0007166,GO:0007167,GO:0007178,GO:0007179,GO:0007186,GO:0007275,GO:0007276,GO:0007292,GO:0007565,GO:0007567,GO:0008150,GO:0008152,GO:0008284,GO:0008610,GO:0009058,GO:0009605,GO:0009607,GO:0009617,GO:0009636,GO:0009653,GO:0009719,GO:0009725,GO:0009987,GO:0010033,GO:0010941,GO:0010942,GO:0014070,GO:0016053,GO:0016404,GO:0016491,GO:0016614,GO:0016616,GO:0019372,GO:0019752,GO:0019953,GO:0022414,GO:0023052,GO:0030728,GO:0031974,GO:0031981,GO:0032355,GO:0032496,GO:0032501,GO:0032502,GO:0032504,GO:0032787,GO:0033559,GO:0033993,GO:0035239,GO:0035295,GO:0036094,GO:0038023,GO:0042127,GO:0042221,GO:0042493,GO:0042759,GO:0042802,GO:0042803,GO:0042981,GO:0043065,GO:0043067,GO:0043068,GO:0043167,GO:0043168,GO:0043207,GO:0043226,GO:0043227,GO:0043229,GO:0043231,GO:0043233,GO:0043436,GO:0044237,GO:0044238,GO:0044249,GO:0044255,GO:0044281,GO:0044283,GO:0044421,GO:0044422,GO:0044424,GO:0044428,GO:0044444,GO:0044446,GO:0044464,GO:0044703,GO:0044706,GO:0045471,GO:0045786,GO:0046394,GO:0046456,GO:0046677,GO:0046983,GO:0048037,GO:0048513,GO:0048514,GO:0048518,GO:0048519,GO:0048522,GO:0048523,GO:0048609,GO:0048660,GO:0048661,GO:0048731,GO:0048844,GO:0048856,GO:0050662,GO:0050789,GO:0050794,GO:0050896,GO:0051287,GO:0051704,GO:0051707,GO:0051716,GO:0051726,GO:0055114,GO:0060089,GO:0060840,GO:0065007,GO:0070013,GO:0070403,GO:0070493,GO:0070848,GO:0070887,GO:0071310,GO:0071363,GO:0071495,GO:0071559,GO:0071560,GO:0071704,GO:0072001,GO:0072330,GO:0072358,GO:0072359,GO:0097070,GO:0097159,GO:0097305,GO:1901265,GO:1901363,GO:1901568,GO:1901570,GO:1901576,GO:1901700,GO:1904705,GO:1904707,GO:2001300,GO:2001301"
"7","ptg000003l","Liftoff","gene",3268871,3274466,".","+",".","ID=gene:ENSLAIG00005011842;Name=HPGD;biotype=protein_coding;description=15-hydroxyprostaglandin dehydrogenase [Ensembl NN prediction with score 85.15%25];gene_id=ENSLAIG00005011842;version=1;coverage=0.665;sequence_ID=0.612;valid_ORFs=0;extra_copy_number=0;copy_num_ID=gene:ENSLAIG00005011842_0"
"8","ptg000003l","Liftoff","mRNA",3268871,3274466,".","+",".","ID=transcript:ENSLAIT00005019103;Parent=gene:ENSLAIG00005011842;biotype=protein_coding;transcript_id=ENSLAIT00005019103;version=1;matches_ref_protein=False;valid_ORF=False;missing_stop_codon=True;extra_copy_number=0;em_target=13037.EHJ70606;em_score=224.0;em_evalue=9.64e-72;em_tcov=62.3;em_OGs=COG1028@1|root,KOG4169@2759|Eukaryota,39MT4@33154|Opisthokonta,3BJE1@33208|Metazoa,3D0NN@33213|Bilateria,42213@6656|Arthropoda,3SQHW@50557|Insecta,449D5@7088|Lepidoptera;em_COG_cat=Q;em_desc=Polysaccharide biosynthesis protein;em_max_annot_lvl=33208|Metazoa;em_Preferred_name=HPGD;em_EC=1.1.1.141;em_KEGG_ko=ko:K00069;em_KEGG_Pathway=ko05202,map05202;em_BRITE=ko00000,ko00001,ko01000,ko04147;em_PFAMs=adh_short;em_GOs=GO:0000003,GO:0000166,GO:0001568,GO:0001655,GO:0001676,GO:0001822,GO:0001944,GO:0002237,GO:0003674,GO:0003824,GO:0004888,GO:0004930,GO:0004953,GO:0004954,GO:0004955,GO:0004957,GO:0005488,GO:0005515,GO:0005575,GO:0005576,GO:0005615,GO:0005622,GO:0005623,GO:0005634,GO:0005654,GO:0005737,GO:0005829,GO:0006082,GO:0006629,GO:0006631,GO:0006633,GO:0006636,GO:0006690,GO:0006692,GO:0006693,GO:0007154,GO:0007165,GO:0007166,GO:0007167,GO:0007178,GO:0007179,GO:0007186,GO:0007275,GO:0007276,GO:0007292,GO:0007565,GO:0007567,GO:0008150,GO:0008152,GO:0008284,GO:0008610,GO:0009058,GO:0009605,GO:0009607,GO:0009617,GO:0009636,GO:0009653,GO:0009719,GO:0009725,GO:0009987,GO:0010033,GO:0010941,GO:0010942,GO:0014070,GO:0016053,GO:0016404,GO:0016491,GO:0016614,GO:0016616,GO:0019372,GO:0019752,GO:0019953,GO:0022414,GO:0023052,GO:0030728,GO:0031974,GO:0031981,GO:0032355,GO:0032496,GO:0032501,GO:0032502,GO:0032504,GO:0032787,GO:0033559,GO:0033993,GO:0035239,GO:0035295,GO:0036094,GO:0038023,GO:0042127,GO:0042221,GO:0042493,GO:0042759,GO:0042802,GO:0042803,GO:0042981,GO:0043065,GO:0043067,GO:0043068,GO:0043167,GO:0043168,GO:0043207,GO:0043226,GO:0043227,GO:0043229,GO:0043231,GO:0043233,GO:0043436,GO:0044237,GO:0044238,GO:0044249,GO:0044255,GO:0044281,GO:0044283,GO:0044421,GO:0044422,GO:0044424,GO:0044428,GO:0044444,GO:0044446,GO:0044464,GO:0044703,GO:0044706,GO:0045471,GO:0045786,GO:0046394,GO:0046456,GO:0046677,GO:0046983,GO:0048037,GO:0048513,GO:0048514,GO:0048518,GO:0048519,GO:0048522,GO:0048523,GO:0048609,GO:0048660,GO:0048661,GO:0048731,GO:0048844,GO:0048856,GO:0050662,GO:0050789,GO:0050794,GO:0050896,GO:0051287,GO:0051704,GO:0051707,GO:0051716,GO:0051726,GO:0055114,GO:0060089,GO:0060840,GO:0065007,GO:0070013,GO:0070403,GO:0070493,GO:0070848,GO:0070887,GO:0071310,GO:0071363,GO:0071495,GO:0071559,GO:0071560,GO:0071704,GO:0072001,GO:0072330,GO:0072358,GO:0072359,GO:0097070,GO:0097159,GO:0097305,GO:1901265,GO:1901363,GO:1901568,GO:1901570,GO:1901576,GO:1901700,GO:1904705,GO:1904707,GO:2001300,GO:2001301"
"9","ptg000003l","Liftoff","mRNA",3268871,3274466,".","+",".","ID=transcript:ENSLAIT00005019110;Parent=gene:ENSLAIG00005011842;biotype=protein_coding;tag=Ensembl_canonical;transcript_id=ENSLAIT00005019110;version=1;matches_ref_protein=False;valid_ORF=False;missing_stop_codon=True;extra_copy_number=0;em_target=13037.EHJ70606;em_score=224.0;em_evalue=9.64e-72;em_tcov=62.3;em_OGs=COG1028@1|root,KOG4169@2759|Eukaryota,39MT4@33154|Opisthokonta,3BJE1@33208|Metazoa,3D0NN@33213|Bilateria,42213@6656|Arthropoda,3SQHW@50557|Insecta,449D5@7088|Lepidoptera;em_COG_cat=Q;em_desc=Polysaccharide biosynthesis protein;em_max_annot_lvl=33208|Metazoa;em_Preferred_name=HPGD;em_EC=1.1.1.141;em_KEGG_ko=ko:K00069;em_KEGG_Pathway=ko05202,map05202;em_BRITE=ko00000,ko00001,ko01000,ko04147;em_PFAMs=adh_short;em_GOs=GO:0000003,GO:0000166,GO:0001568,GO:0001655,GO:0001676,GO:0001822,GO:0001944,GO:0002237,GO:0003674,GO:0003824,GO:0004888,GO:0004930,GO:0004953,GO:0004954,GO:0004955,GO:0004957,GO:0005488,GO:0005515,GO:0005575,GO:0005576,GO:0005615,GO:0005622,GO:0005623,GO:0005634,GO:0005654,GO:0005737,GO:0005829,GO:0006082,GO:0006629,GO:0006631,GO:0006633,GO:0006636,GO:0006690,GO:0006692,GO:0006693,GO:0007154,GO:0007165,GO:0007166,GO:0007167,GO:0007178,GO:0007179,GO:0007186,GO:0007275,GO:0007276,GO:0007292,GO:0007565,GO:0007567,GO:0008150,GO:0008152,GO:0008284,GO:0008610,GO:0009058,GO:0009605,GO:0009607,GO:0009617,GO:0009636,GO:0009653,GO:0009719,GO:0009725,GO:0009987,GO:0010033,GO:0010941,GO:0010942,GO:0014070,GO:0016053,GO:0016404,GO:0016491,GO:0016614,GO:0016616,GO:0019372,GO:0019752,GO:0019953,GO:0022414,GO:0023052,GO:0030728,GO:0031974,GO:0031981,GO:0032355,GO:0032496,GO:0032501,GO:0032502,GO:0032504,GO:0032787,GO:0033559,GO:0033993,GO:0035239,GO:0035295,GO:0036094,GO:0038023,GO:0042127,GO:0042221,GO:0042493,GO:0042759,GO:0042802,GO:0042803,GO:0042981,GO:0043065,GO:0043067,GO:0043068,GO:0043167,GO:0043168,GO:0043207,GO:0043226,GO:0043227,GO:0043229,GO:0043231,GO:0043233,GO:0043436,GO:0044237,GO:0044238,GO:0044249,GO:0044255,GO:0044281,GO:0044283,GO:0044421,GO:0044422,GO:0044424,GO:0044428,GO:0044444,GO:0044446,GO:0044464,GO:0044703,GO:0044706,GO:0045471,GO:0045786,GO:0046394,GO:0046456,GO:0046677,GO:0046983,GO:0048037,GO:0048513,GO:0048514,GO:0048518,GO:0048519,GO:0048522,GO:0048523,GO:0048609,GO:0048660,GO:0048661,GO:0048731,GO:0048844,GO:0048856,GO:0050662,GO:0050789,GO:0050794,GO:0050896,GO:0051287,GO:0051704,GO:0051707,GO:0051716,GO:0051726,GO:0055114,GO:0060089,GO:0060840,GO:0065007,GO:0070013,GO:0070403,GO:0070493,GO:0070848,GO:0070887,GO:0071310,GO:0071363,GO:0071495,GO:0071559,GO:0071560,GO:0071704,GO:0072001,GO:0072330,GO:0072358,GO:0072359,GO:0097070,GO:0097159,GO:0097305,GO:1901265,GO:1901363,GO:1901568,GO:1901570,GO:1901576,GO:1901700,GO:1904705,GO:1904707,GO:2001300,GO:2001301"
"10","ptg000006l","Liftoff","gene",5204907,5205504,".","+",".","ID=gene:ENSLAIG00005003202;biotype=protein_coding;gene_id=ENSLAIG00005003202;version=1;coverage=0.699;sequence_ID=0.585;valid_ORFs=0;extra_copy_number=0;copy_num_ID=gene:ENSLAIG00005003202_0"
"11","ptg000006l","Liftoff","mRNA",5204907,5205504,".","+",".","ID=transcript:ENSLAIT00005006125;Parent=gene:ENSLAIG00005003202;biotype=protein_coding;tag=Ensembl_canonical;transcript_id=ENSLAIT00005006125;version=1;matches_ref_protein=False;valid_ORF=False;missing_start_codon=True;extra_copy_number=0"
"12","ptg000006l","Liftoff","gene",7716398,7717000,".","+",".","ID=gene:ENSLAIG00005006514;Name=MANF;biotype=protein_coding;description=mesencephalic astrocyte derived neurotrophic factor [Ensembl NN prediction with score 93.74%25];gene_id=ENSLAIG00005006514;version=1;coverage=0.993;sequence_ID=0.932;valid_ORFs=0;extra_copy_number=0;copy_num_ID=gene:ENSLAIG00005006514_0"
"13","ptg000006l","Liftoff","mRNA",7716398,7717000,".","+",".","ID=transcript:ENSLAIT00005011104;Parent=gene:ENSLAIG00005006514;biotype=protein_coding;tag=Ensembl_canonical;transcript_id=ENSLAIT00005011104;version=1;matches_ref_protein=False;valid_ORF=False;missing_start_codon=True;extra_copy_number=0;em_target=13037.EHJ73338;em_score=215.0;em_evalue=1.42e-70;em_tcov=97.7;em_OGs=2CRZI@1|root,2S48A@2759|Eukaryota,3A5YK@33154|Opisthokonta,3BSMB@33208|Metazoa,3D9PG@33213|Bilateria,420IG@6656|Arthropoda,3SP17@50557|Insecta,44A1Y@7088|Lepidoptera;em_COG_cat=S;em_desc=Insect pheromone-binding family, A10/OS-D;em_max_annot_lvl=33208|Metazoa;em_Preferred_name=PebIII;em_PFAMs=OS-D;em_GOs=GO:0000003,GO:0005575,GO:0005576,GO:0007275,GO:0007552,GO:0007610,GO:0008150,GO:0009605,GO:0009607,GO:0009615,GO:0019098,GO:0022414,GO:0032501,GO:0032502,GO:0032504,GO:0043207,GO:0045297,GO:0048609,GO:0048856,GO:0050896,GO:0051704,GO:0051707;em_KEGG_ko=ko:K15127;em_BRITE=ko00000,ko03021,ko03036"
"14","ptg000009l","Liftoff","gene",3679253,3689915,".","-",".","ID=gene:ENSLAIG00005012956;biotype=protein_coding;gene_id=ENSLAIG00005012956;version=1;coverage=0.747;sequence_ID=0.717;valid_ORFs=0;extra_copy_number=0;copy_num_ID=gene:ENSLAIG00005012956_0"
"15","ptg000009l","Liftoff","mRNA",3679253,3689915,".","-",".","ID=transcript:ENSLAIT00005020782;Parent=gene:ENSLAIG00005012956;biotype=protein_coding;tag=Ensembl_canonical;transcript_id=ENSLAIT00005020782;version=1;matches_ref_protein=False;valid_ORF=False;missing_stop_codon=True;extra_copy_number=0;em_target=13037.EHJ70727;em_score=582.0;em_evalue=1.54e-206;em_tcov=78.8;em_OGs=KOG4802@1|root,KOG4802@2759|Eukaryota,39RIA@33154|Opisthokonta,3BJEM@33208|Metazoa,3D2RJ@33213|Bilateria,4204N@6656|Arthropoda,3SNFJ@50557|Insecta,441KE@7088|Lepidoptera;em_COG_cat=W;em_desc=Four-disulfide core domains;em_max_annot_lvl=33208|Metazoa;em_Preferred_name=KAL1;em_PFAMs=WAP,fn3;em_GOs=GO:0000003,GO:0000902,GO:0000904,GO:0001764,GO:0002009,GO:0003006,GO:0003674,GO:0005198,GO:0005201,GO:0005488,GO:0005515,GO:0005539,GO:0005575,GO:0005576,GO:0005615,GO:0005623,GO:0005886,GO:0006928,GO:0006935,GO:0007154,GO:0007155,GO:0007165,GO:0007166,GO:0007167,GO:0007169,GO:0007275,GO:0007399,GO:0007409,GO:0007411,GO:0007548,GO:0008150,GO:0008201,GO:0008543,GO:0008544,GO:0009605,GO:0009653,GO:0009719,GO:0009790,GO:0009792,GO:0009888,GO:0009897,GO:0009986,GO:0009987,GO:0010033,GO:0016020,GO:0016043,GO:0016049,GO:0016477,GO:0022008,GO:0022414,GO:0022610,GO:0023052,GO:0030030,GO:0030154,GO:0030182,GO:0031012,GO:0031175,GO:0032501,GO:0032502,GO:0032989,GO:0032990,GO:0040007,GO:0040011,GO:0042221,GO:0042330,GO:0043167,GO:0043168,GO:0043394,GO:0043395,GO:0044344,GO:0044421,GO:0044425,GO:0044459,GO:0044464,GO:0045138,GO:0045545,GO:0046661,GO:0048468,GO:0048588,GO:0048589,GO:0048598,GO:0048666,GO:0048667,GO:0048675,GO:0048699,GO:0048729,GO:0048730,GO:0048731,GO:0048812,GO:0048856,GO:0048858,GO:0048869,GO:0048870,GO:0050789,GO:0050794,GO:0050896,GO:0051179,GO:0051674,GO:0051716,GO:0060429,GO:0060560,GO:0061564,GO:0065007,GO:0070848,GO:0070887,GO:0071310,GO:0071363,GO:0071495,GO:0071774,GO:0071840,GO:0071944,GO:0090598,GO:0097367,GO:0097485,GO:0098552,GO:0120036,GO:0120039,GO:1901681,GO:1990138"
"16","ptg000009l","Liftoff","mRNA",8748265,8748828,".","+",".","ID=transcript:ENSLAIT00005011677;Parent=gene:ENSLAIG00005006893;biotype=protein_coding;tag=Ensembl_canonical;transcript_id=ENSLAIT00005011677;version=1;matches_ref_protein=False;valid_ORF=False;inframe_stop_codon=True;extra_copy_number=0;em_target=34740.HMEL025056-PA;em_score=315.0;em_evalue=1.75e-109;em_tcov=99.3;em_OGs=KOG0489@1|root,KOG0489@2759|Eukaryota,39WZV@33154|Opisthokonta,3BIUP@33208|Metazoa,3D5BJ@33213|Bilateria,41UBE@6656|Arthropoda,3SJCI@50557|Insecta,444BB@7088|Lepidoptera;em_COG_cat=K;em_desc=sequence-specific DNA binding;em_max_annot_lvl=33208|Metazoa;em_Preferred_name=Ubx;em_KEGG_ko=ko:K09311;em_BRITE=ko00000,ko03000;em_PFAMs=Homeobox"
"17","ptg000009l","Liftoff","gene",8748265,8749708,".","+",".","ID=gene:ENSLAIG00005006893;Name=C1orf50;biotype=protein_coding;description=chromosome 1 open reading frame 50 [Ensembl NN prediction with score 72.95%25];gene_id=ENSLAIG00005006893;version=1;coverage=0.998;sequence_ID=0.939;valid_ORFs=0;extra_copy_number=0;copy_num_ID=gene:ENSLAIG00005006893_0"
"18","ptg000009l","Liftoff","mRNA",8748265,8749708,".","+",".","ID=transcript:ENSLAIT00005011678;Parent=gene:ENSLAIG00005006893;biotype=protein_coding;transcript_id=ENSLAIT00005011678;version=1;matches_ref_protein=False;valid_ORF=False;missing_stop_codon=True;extra_copy_number=0;em_target=34740.HMEL025056-PA;em_score=317.0;em_evalue=2.31e-110;em_tcov=100.0;em_OGs=KOG0489@1|root,KOG0489@2759|Eukaryota,39WZV@33154|Opisthokonta,3BIUP@33208|Metazoa,3D5BJ@33213|Bilateria,41UBE@6656|Arthropoda,3SJCI@50557|Insecta,444BB@7088|Lepidoptera;em_COG_cat=K;em_desc=sequence-specific DNA binding;em_max_annot_lvl=33208|Metazoa;em_Preferred_name=Ubx;em_KEGG_ko=ko:K09311;em_BRITE=ko00000,ko03000;em_PFAMs=Homeobox"
"19","ptg000009l","Liftoff","gene",8844112,8844387,".","+",".","ID=gene:ENSLAIG00005009224;biotype=protein_coding;gene_id=ENSLAIG00005009224;version=1;coverage=0.989;sequence_ID=0.949;valid_ORFs=0;extra_copy_number=0;copy_num_ID=gene:ENSLAIG00005009224_0"
"20","ptg000009l","Liftoff","mRNA",8844112,8844387,".","+",".","ID=transcript:ENSLAIT00005015132;Parent=gene:ENSLAIG00005009224;biotype=protein_coding;tag=Ensembl_canonical;transcript_id=ENSLAIT00005015132;version=1;matches_ref_protein=True;valid_ORF=False;missing_start_codon=True;extra_copy_number=0;em_target=103372.F4WN89;em_score=129.0;em_evalue=2.66e-35;em_tcov=20.2;em_OGs=KOG0489@1|root,KOG0489@2759|Eukaryota,39WZV@33154|Opisthokonta,3BIUP@33208|Metazoa,3D5BJ@33213|Bilateria,41UBE@6656|Arthropoda,3SJCI@50557|Insecta,46FDR@7399|Hymenoptera;em_COG_cat=K;em_desc=Homeobox domain;em_max_annot_lvl=33208|Metazoa;em_Preferred_name=Ubx;em_KEGG_ko=ko:K09311;em_BRITE=ko00000,ko03000;em_PFAMs=Homeobox"
"21","ptg000010l","Liftoff","gene",4206295,4210617,".","+",".","ID=gene:ENSLAIG00005004085;Name=IMMP2L;biotype=protein_coding;description=inner mitochondrial membrane peptidase subunit 2 [Ensembl NN prediction with score 79.34%25];gene_id=ENSLAIG00005004085;version=1;coverage=1.0;sequence_ID=0.962;valid_ORFs=1;extra_copy_number=0;copy_num_ID=gene:ENSLAIG00005004085_0"
"22","ptg000010l","Liftoff","mRNA",4206295,4210617,".","+",".","ID=transcript:ENSLAIT00005007459;Parent=gene:ENSLAIG00005004085;biotype=protein_coding;tag=Ensembl_canonical;transcript_id=ENSLAIT00005007459;version=1;matches_ref_protein=True;valid_ORF=True;extra_copy_number=0;em_target=34740.HMEL007282-PA;em_score=131.0;em_evalue=5.97e-38;em_tcov=99.2;em_OGs=2BX5U@1|root,2SYE6@2759|Eukaryota,3AV0M@33154|Opisthokonta,3C4W3@33208|Metazoa,3DKM4@33213|Bilateria,423X3@6656|Arthropoda,3SSIE@50557|Insecta,447G8@7088|Lepidoptera;em_COG_cat=None;em_desc=None;em_max_annot_lvl=33208|Metazoa;em_Preferred_name="
"23","ptg000010l","Liftoff","mRNA",16676341,16691860,".","+",".","ID=transcript:ENSLAIT00005007086;Parent=gene:ENSLAIG00005003829;biotype=protein_coding;transcript_id=ENSLAIT00005007086;version=1;matches_ref_protein=False;valid_ORF=False;missing_start_codon=True;extra_copy_number=0"
"24","ptg000010l","Liftoff","gene",16676341,16693180,".","+",".","ID=gene:ENSLAIG00005003829;biotype=protein_coding;gene_id=ENSLAIG00005003829;version=1;coverage=0.990;sequence_ID=0.949;valid_ORFs=1;extra_copy_number=0;copy_num_ID=gene:ENSLAIG00005003829_0"
"25","ptg000010l","Liftoff","mRNA",16676341,16693180,".","+",".","ID=transcript:ENSLAIT00005007087;Parent=gene:ENSLAIG00005003829;biotype=protein_coding;transcript_id=ENSLAIT00005007087;version=1;matches_ref_protein=False;valid_ORF=True;extra_copy_number=0;em_target=34740.HMEL011029-PA;em_score=463.0;em_evalue=3.05e-164;em_tcov=100.0;em_OGs=KOG3119@1|root,KOG3119@2759|Eukaryota,39U78@33154|Opisthokonta,3BHV1@33208|Metazoa,3CYF0@33213|Bilateria,41W91@6656|Arthropoda,3SHQ1@50557|Insecta,443Z4@7088|Lepidoptera;em_COG_cat=K;em_desc=basic region leucin zipper;em_max_annot_lvl=33208|Metazoa;em_Preferred_name=HLF;em_KEGG_ko=ko:K09057;em_KEGG_Pathway=ko04711,map04711;em_BRITE=ko00000,ko00001,ko03000;em_PFAMs=bZIP_2;em_GOs=GO:0000278,GO:0000976,GO:0000977,GO:0000981,GO:0000982,GO:0001012,GO:0001067,GO:0001077,GO:0001228,GO:0003674,GO:0003676,GO:0003677,GO:0003690,GO:0003700,GO:0005488,GO:0005575,GO:0005622,GO:0005623,GO:0005634,GO:0006139,GO:0006259,GO:0006260,GO:0006261,GO:0006351,GO:0006355,GO:0006357,GO:0006366,GO:0006725,GO:0006807,GO:0007049,GO:0007275,GO:0007517,GO:0007519,GO:0007584,GO:0007623,GO:0008150,GO:0008152,GO:0009058,GO:0009059,GO:0009605,GO:0009888,GO:0009889,GO:0009891,GO:0009893,GO:0009987,GO:0009991,GO:0010467,GO:0010468,GO:0010556,GO:0010557,GO:0010604,GO:0010628,GO:0014706,GO:0016070,GO:0018130,GO:0019216,GO:0019219,GO:0019222,GO:0019438,GO:0022402,GO:0030154,GO:0031323,GO:0031325,GO:0031326,GO:0031328,GO:0031667,GO:0032501,GO:0032502,GO:0032774,GO:0034641,GO:0034645,GO:0034654,GO:0035914,GO:0040007,GO:0042023,GO:0042221,GO:0043170,GO:0043226,GO:0043227,GO:0043229,GO:0043231,GO:0043565,GO:0044212,GO:0044237,GO:0044238,GO:0044249,GO:0044260,GO:0044271,GO:0044424,GO:0044464,GO:0044786,GO:0045893,GO:0045935,GO:0045944,GO:0046483,GO:0048511,GO:0048513,GO:0048518,GO:0048522,GO:0048731,GO:0048856,GO:0048869,GO:0050789,GO:0050794,GO:0050896,GO:0051171,GO:0051173,GO:0051252,GO:0051254,GO:0060255,GO:0060537,GO:0060538,GO:0061061,GO:0065007,GO:0071704,GO:0080090,GO:0090304,GO:0097159,GO:0097659,GO:0140110,GO:1901360,GO:1901362,GO:1901363,GO:1901576,GO:1902680,GO:1903506,GO:1903508,GO:1990837,GO:2000112,GO:2001141"
"26","ptg000010l","Liftoff","mRNA",16686190,16691825,".","+",".","ID=transcript:ENSLAIT00005007088;Parent=gene:ENSLAIG00005003829;biotype=protein_coding;tag=Ensembl_canonical;transcript_id=ENSLAIT00005007088;version=1;matches_ref_protein=False;valid_ORF=False;missing_start_codon=True;extra_copy_number=0"
"27","ptg000011l","Liftoff","mRNA",6626295,6648275,".","-",".","ID=transcript:ENSLAIT00005010431;Parent=gene:ENSLAIG00005006051;biotype=protein_coding;transcript_id=ENSLAIT00005010431;version=1;matches_ref_protein=False;valid_ORF=True;extra_copy_number=0;em_target=34740.HMEL005534-PA;em_score=437.0;em_evalue=4.13e-148;em_tcov=92.1;em_OGs=COG2272@1|root,KOG1214@2759|Eukaryota,3A7ZK@33154|Opisthokonta,3BTKQ@33208|Metazoa,3DABX@33213|Bilateria,420PX@6656|Arthropoda,3SP0X@50557|Insecta,448VK@7088|Lepidoptera;em_COG_cat=T;em_desc=Pacifastin inhibitor (LCMII);em_max_annot_lvl=33208|Metazoa;em_PFAMs=Pacifastin_I;em_Preferred_name="
"28","ptg000011l","Liftoff","gene",6626295,6648375,".","-",".","ID=gene:ENSLAIG00005006051;biotype=protein_coding;gene_id=ENSLAIG00005006051;version=1;coverage=0.960;sequence_ID=0.874;valid_ORFs=3;extra_copy_number=0;copy_num_ID=gene:ENSLAIG00005006051_0"
"29","ptg000011l","Liftoff","mRNA",6626295,6648375,".","-",".","ID=transcript:ENSLAIT00005010432;Parent=gene:ENSLAIG00005006051;biotype=protein_coding;tag=Ensembl_canonical;transcript_id=ENSLAIT00005010432;version=1;matches_ref_protein=False;valid_ORF=True;extra_copy_number=0;em_target=34740.HMEL005534-PA;em_score=521.0;em_evalue=1.28e-180;em_tcov=92.1;em_OGs=COG2272@1|root,KOG1214@2759|Eukaryota,3A7ZK@33154|Opisthokonta,3BTKQ@33208|Metazoa,3DABX@33213|Bilateria,420PX@6656|Arthropoda,3SP0X@50557|Insecta,448VK@7088|Lepidoptera;em_COG_cat=T;em_desc=Pacifastin inhibitor (LCMII);em_max_annot_lvl=33208|Metazoa;em_PFAMs=Pacifastin_I;em_Preferred_name="
"30","ptg000011l","Liftoff","mRNA",6626295,6648375,".","-",".","ID=transcript:ENSLAIT00005010436;Parent=gene:ENSLAIG00005006051;biotype=protein_coding;transcript_id=ENSLAIT00005010436;version=1;matches_ref_protein=False;valid_ORF=True;extra_copy_number=0;em_target=34740.HMEL005534-PA;em_score=325.0;em_evalue=4.47e-105;em_tcov=92.1;em_OGs=COG2272@1|root,KOG1214@2759|Eukaryota,3A7ZK@33154|Opisthokonta,3BTKQ@33208|Metazoa,3DABX@33213|Bilateria,420PX@6656|Arthropoda,3SP0X@50557|Insecta,448VK@7088|Lepidoptera;em_COG_cat=T;em_desc=Pacifastin inhibitor (LCMII);em_max_annot_lvl=33208|Metazoa;em_PFAMs=Pacifastin_I;em_Preferred_name="
"31","ptg000012l","Liftoff","mRNA",1524916,1525667,".","+",".","ID=transcript:ENSLAIT00005021707;Parent=gene:ENSLAIG00005013557;biotype=protein_coding;transcript_id=ENSLAIT00005021707;version=1;matches_ref_protein=False;valid_ORF=False;missing_start_codon=True;extra_copy_number=0;em_target=34740.HMEL007017-PA;em_score=219.0;em_evalue=6.8e-69;em_tcov=88.7;em_OGs=2E2NC@1|root,2S9VB@2759|Eukaryota,3AA7V@33154|Opisthokonta,3BUZJ@33208|Metazoa,3DBAV@33213|Bilateria,4219M@6656|Arthropoda,3SPUU@50557|Insecta,446II@7088|Lepidoptera;em_COG_cat=S;em_desc=positive regulation of digestive system process;em_max_annot_lvl=33208|Metazoa;em_Preferred_name=Tk;em_GOs=GO:0001664,GO:0002118,GO:0002121,GO:0003008,GO:0003674,GO:0005102,GO:0005179,GO:0005184,GO:0005215,GO:0005326,GO:0005488,GO:0005515,GO:0005575,GO:0005576,GO:0005615,GO:0006629,GO:0006810,GO:0006836,GO:0006937,GO:0006940,GO:0007154,GO:0007165,GO:0007186,GO:0007217,GO:0007218,GO:0007600,GO:0007606,GO:0007608,GO:0007610,GO:0007626,GO:0007628,GO:0008150,GO:0008152,GO:0008344,GO:0009966,GO:0009987,GO:0010033,GO:0010469,GO:0010646,GO:0019236,GO:0023051,GO:0023052,GO:0030534,GO:0030545,GO:0031644,GO:0031646,GO:0032501,GO:0042221,GO:0043134,GO:0044057,GO:0044058,GO:0044238,GO:0044421,GO:0045933,GO:0045987,GO:0048018,GO:0048518,GO:0048583,GO:0050789,GO:0050794,GO:0050877,GO:0050896,GO:0051179,GO:0051234,GO:0051239,GO:0051240,GO:0051704,GO:0051705,GO:0051716,GO:0051930,GO:0051931,GO:0060450,GO:0060456,GO:0065007,GO:0065009,GO:0071704,GO:0071855,GO:0071861,GO:0090257,GO:0090659,GO:0098772,GO:1904058"
"32","ptg000012l","Liftoff","gene",1524916,1525687,".","+",".","ID=gene:ENSLAIG00005013557;Name=MTRES1;biotype=protein_coding;description=mitochondrial transcription rescue factor 1 [Ensembl NN prediction with score 82.71%25];gene_id=ENSLAIG00005013557;version=1;coverage=0.863;sequence_ID=0.809;valid_ORFs=0;extra_copy_number=0;copy_num_ID=gene:ENSLAIG00005013557_0"
"33","ptg000012l","Liftoff","mRNA",1524916,1525687,".","+",".","ID=transcript:ENSLAIT00005021706;Parent=gene:ENSLAIG00005013557;biotype=protein_coding;tag=Ensembl_canonical;transcript_id=ENSLAIT00005021706;version=1;matches_ref_protein=False;valid_ORF=False;missing_start_codon=True;extra_copy_number=0;em_target=34740.HMEL007017-PA;em_score=188.0;em_evalue=9.94e-57;em_tcov=82.8;em_OGs=2E2NC@1|root,2S9VB@2759|Eukaryota,3AA7V@33154|Opisthokonta,3BUZJ@33208|Metazoa,3DBAV@33213|Bilateria,4219M@6656|Arthropoda,3SPUU@50557|Insecta,446II@7088|Lepidoptera;em_COG_cat=S;em_desc=positive regulation of digestive system process;em_max_annot_lvl=33208|Metazoa;em_Preferred_name=Tk;em_GOs=GO:0001664,GO:0002118,GO:0002121,GO:0003008,GO:0003674,GO:0005102,GO:0005179,GO:0005184,GO:0005215,GO:0005326,GO:0005488,GO:0005515,GO:0005575,GO:0005576,GO:0005615,GO:0006629,GO:0006810,GO:0006836,GO:0006937,GO:0006940,GO:0007154,GO:0007165,GO:0007186,GO:0007217,GO:0007218,GO:0007600,GO:0007606,GO:0007608,GO:0007610,GO:0007626,GO:0007628,GO:0008150,GO:0008152,GO:0008344,GO:0009966,GO:0009987,GO:0010033,GO:0010469,GO:0010646,GO:0019236,GO:0023051,GO:0023052,GO:0030534,GO:0030545,GO:0031644,GO:0031646,GO:0032501,GO:0042221,GO:0043134,GO:0044057,GO:0044058,GO:0044238,GO:0044421,GO:0045933,GO:0045987,GO:0048018,GO:0048518,GO:0048583,GO:0050789,GO:0050794,GO:0050877,GO:0050896,GO:0051179,GO:0051234,GO:0051239,GO:0051240,GO:0051704,GO:0051705,GO:0051716,GO:0051930,GO:0051931,GO:0060450,GO:0060456,GO:0065007,GO:0065009,GO:0071704,GO:0071855,GO:0071861,GO:0090257,GO:0090659,GO:0098772,GO:1904058"
"34","ptg000012l","Liftoff","gene",4844646,4845384,".","+",".","ID=gene:ENSLAIG00005009817;biotype=protein_coding;gene_id=ENSLAIG00005009817;version=1;coverage=0.998;sequence_ID=0.945;valid_ORFs=0;extra_copy_number=0;copy_num_ID=gene:ENSLAIG00005009817_0"
"35","ptg000012l","Liftoff","mRNA",4844646,4845384,".","+",".","ID=transcript:ENSLAIT00005016091;Parent=gene:ENSLAIG00005009817;biotype=protein_coding;tag=Ensembl_canonical;transcript_id=ENSLAIT00005016091;version=1;matches_ref_protein=False;valid_ORF=False;missing_stop_codon=True;extra_copy_number=0;em_target=34740.HMEL009478-PA;em_score=189.0;em_evalue=1.59e-59;em_tcov=79.3;em_OGs=2C9WU@1|root,2S21C@2759|Eukaryota,3A3TN@33154|Opisthokonta,3BSBP@33208|Metazoa,3D8DZ@33213|Bilateria,4204E@6656|Arthropoda,3SMTW@50557|Insecta;em_COG_cat=S;em_desc=cuticle protein;em_max_annot_lvl=33208|Metazoa;em_PFAMs=Chitin_bind_4;em_Preferred_name="
"36","ptg000013l","Liftoff","mRNA",3252401,3304770,".","-",".","ID=transcript:ENSLAIT00005014694;Parent=gene:ENSLAIG00005008920;biotype=protein_coding;transcript_id=ENSLAIT00005014694;version=1;matches_ref_protein=False;valid_ORF=False;missing_stop_codon=True;extra_copy_number=0;em_target=132113.XP_003494022.1;em_score=109.0;em_evalue=1.26e-26;em_tcov=18.4;em_OGs=KOG0490@1|root,KOG0490@2759|Eukaryota,3A5VE@33154|Opisthokonta,3BSUU@33208|Metazoa,3D9IE@33213|Bilateria,41Y34@6656|Arthropoda,3SIEH@50557|Insecta,46E5K@7399|Hymenoptera;em_COG_cat=K;em_desc=OAR domain;em_max_annot_lvl=33208|Metazoa;em_Preferred_name=ARX;em_KEGG_ko=ko:K09452;em_BRITE=ko00000,ko03000;em_PFAMs=Homeobox,OAR;em_GOs=GO:0000122,GO:0000902,GO:0000904,GO:0000976,GO:0000977,GO:0000980,GO:0000981,GO:0001012,GO:0001067,GO:0001158,GO:0001206,GO:0001227,GO:0001764,GO:0002009,GO:0002064,GO:0002065,GO:0002066,GO:0002067,GO:0002068,GO:0002165,GO:0003310,GO:0003322,GO:0003674,GO:0003676,GO:0003677,GO:0003682,GO:0003690,GO:0003700,GO:0003705,GO:0005488,GO:0005575,GO:0005622,GO:0005623,GO:0005634,GO:0006355,GO:0006357,GO:0006928,GO:0006935,GO:0007275,GO:0007399,GO:0007409,GO:0007411,GO:0007417,GO:0007420,GO:0007423,GO:0007444,GO:0007455,GO:0007469,GO:0007478,GO:0007480,GO:0007552,GO:0007560,GO:0007586,GO:0008150,GO:0008283,GO:0008593,GO:0009605,GO:0009653,GO:0009791,GO:0009886,GO:0009887,GO:0009888,GO:0009889,GO:0009890,GO:0009892,GO:0009893,GO:0009966,GO:0009967,GO:0009987,GO:0010468,GO:0010556,GO:0010558,GO:0010604,GO:0010605,GO:0010628,GO:0010629,GO:0010646,GO:0010647,GO:0016043,GO:0016477,GO:0019219,GO:0019222,GO:0021536,GO:0021537,GO:0021539,GO:0021543,GO:0021759,GO:0021772,GO:0021795,GO:0021800,GO:0021826,GO:0021830,GO:0021831,GO:0021843,GO:0021846,GO:0021853,GO:0021872,GO:0021879,GO:0021884,GO:0021885,GO:0021889,GO:0021891,GO:0021892,GO:0021894,GO:0021895,GO:0021953,GO:0021954,GO:0021987,GO:0021988,GO:0022008,GO:0022028,GO:0022029,GO:0022416,GO:0023051,GO:0023056,GO:0030030,GO:0030154,GO:0030182,GO:0030855,GO:0030900,GO:0031016,GO:0031018,GO:0031175,GO:0031323,GO:0031324,GO:0031326,GO:0031327,GO:0032501,GO:0032502,GO:0032989,GO:0032990,GO:0032991,GO:0035015,GO:0035107,GO:0035114,GO:0035120,GO:0035214,GO:0035218,GO:0035239,GO:0035270,GO:0035295,GO:0035326,GO:0035883,GO:0040007,GO:0040008,GO:0040011,GO:0042127,GO:0042221,GO:0042330,GO:0043226,GO:0043227,GO:0043229,GO:0043231,GO:0043565,GO:0044212,GO:0044241,GO:0044424,GO:0044464,GO:0045165,GO:0045747,GO:0045892,GO:0045927,GO:0045934,GO:0046620,GO:0046622,GO:0048468,GO:0048513,GO:0048518,GO:0048519,GO:0048522,GO:0048523,GO:0048563,GO:0048569,GO:0048583,GO:0048584,GO:0048589,GO:0048638,GO:0048639,GO:0048666,GO:0048667,GO:0048699,GO:0048707,GO:0048729,GO:0048731,GO:0048736,GO:0048737,GO:0048800,GO:0048812,GO:0048856,GO:0048857,GO:0048858,GO:0048869,GO:0048870,GO:0050789,GO:0050793,GO:0050794,GO:0050896,GO:0051094,GO:0051171,GO:0051172,GO:0051179,GO:0051239,GO:0051240,GO:0051252,GO:0051253,GO:0051674,GO:0060255,GO:0060322,GO:0060429,GO:0060560,GO:0060562,GO:0061351,GO:0061564,GO:0065007,GO:0071840,GO:0072148,GO:0080090,GO:0097154,GO:0097159,GO:0097485,GO:0120036,GO:0120039,GO:0140110,GO:1901363,GO:1902679,GO:1903506,GO:1903507,GO:1904936,GO:1990837,GO:2000112,GO:2000113,GO:2001141"
"37","ptg000013l","Liftoff","gene",3252401,3335175,".","-",".","ID=gene:ENSLAIG00005008920;Name=foxd1;biotype=protein_coding;description=forkhead box D1 [Ensembl NN prediction with score 88.82%25];gene_id=ENSLAIG00005008920;version=1;coverage=0.990;sequence_ID=0.942;valid_ORFs=0;extra_copy_number=0;copy_num_ID=gene:ENSLAIG00005008920_0"
"38","ptg000013l","Liftoff","mRNA",3252401,3335175,".","-",".","ID=transcript:ENSLAIT00005014695;Parent=gene:ENSLAIG00005008920;biotype=protein_coding;tag=Ensembl_canonical;transcript_id=ENSLAIT00005014695;version=1;matches_ref_protein=False;valid_ORF=False;missing_stop_codon=True;extra_copy_number=0;em_target=13037.EHJ69004;em_score=84.0;em_evalue=5.92e-17;em_tcov=19.1;em_OGs=KOG0490@1|root,KOG0490@2759|Eukaryota,3A5VE@33154|Opisthokonta,3BSUU@33208|Metazoa,3D9IE@33213|Bilateria,41Y34@6656|Arthropoda,3SIEH@50557|Insecta,444N6@7088|Lepidoptera;em_COG_cat=K;em_desc=OAR domain;em_max_annot_lvl=33208|Metazoa;em_Preferred_name=ARX;em_KEGG_ko=ko:K09452;em_BRITE=ko00000,ko03000;em_PFAMs=Homeobox,OAR;em_GOs=GO:0000122,GO:0000902,GO:0000904,GO:0000976,GO:0000977,GO:0000980,GO:0000981,GO:0001012,GO:0001067,GO:0001158,GO:0001206,GO:0001227,GO:0001764,GO:0002009,GO:0002064,GO:0002065,GO:0002066,GO:0002067,GO:0002068,GO:0002165,GO:0003310,GO:0003322,GO:0003674,GO:0003676,GO:0003677,GO:0003682,GO:0003690,GO:0003700,GO:0003705,GO:0005488,GO:0005575,GO:0005622,GO:0005623,GO:0005634,GO:0006355,GO:0006357,GO:0006928,GO:0006935,GO:0007275,GO:0007399,GO:0007409,GO:0007411,GO:0007417,GO:0007420,GO:0007423,GO:0007444,GO:0007455,GO:0007469,GO:0007478,GO:0007480,GO:0007552,GO:0007560,GO:0007586,GO:0008150,GO:0008283,GO:0008593,GO:0009605,GO:0009653,GO:0009791,GO:0009886,GO:0009887,GO:0009888,GO:0009889,GO:0009890,GO:0009892,GO:0009893,GO:0009966,GO:0009967,GO:0009987,GO:0010468,GO:0010556,GO:0010558,GO:0010604,GO:0010605,GO:0010628,GO:0010629,GO:0010646,GO:0010647,GO:0016043,GO:0016477,GO:0019219,GO:0019222,GO:0021536,GO:0021537,GO:0021539,GO:0021543,GO:0021759,GO:0021772,GO:0021795,GO:0021800,GO:0021826,GO:0021830,GO:0021831,GO:0021843,GO:0021846,GO:0021853,GO:0021872,GO:0021879,GO:0021884,GO:0021885,GO:0021889,GO:0021891,GO:0021892,GO:0021894,GO:0021895,GO:0021953,GO:0021954,GO:0021987,GO:0021988,GO:0022008,GO:0022028,GO:0022029,GO:0022416,GO:0023051,GO:0023056,GO:0030030,GO:0030154,GO:0030182,GO:0030855,GO:0030900,GO:0031016,GO:0031018,GO:0031175,GO:0031323,GO:0031324,GO:0031326,GO:0031327,GO:0032501,GO:0032502,GO:0032989,GO:0032990,GO:0032991,GO:0035015,GO:0035107,GO:0035114,GO:0035120,GO:0035214,GO:0035218,GO:0035239,GO:0035270,GO:0035295,GO:0035326,GO:0035883,GO:0040007,GO:0040008,GO:0040011,GO:0042127,GO:0042221,GO:0042330,GO:0043226,GO:0043227,GO:0043229,GO:0043231,GO:0043565,GO:0044212,GO:0044241,GO:0044424,GO:0044464,GO:0045165,GO:0045747,GO:0045892,GO:0045927,GO:0045934,GO:0046620,GO:0046622,GO:0048468,GO:0048513,GO:0048518,GO:0048519,GO:0048522,GO:0048523,GO:0048563,GO:0048569,GO:0048583,GO:0048584,GO:0048589,GO:0048638,GO:0048639,GO:0048666,GO:0048667,GO:0048699,GO:0048707,GO:0048729,GO:0048731,GO:0048736,GO:0048737,GO:0048800,GO:0048812,GO:0048856,GO:0048857,GO:0048858,GO:0048869,GO:0048870,GO:0050789,GO:0050793,GO:0050794,GO:0050896,GO:0051094,GO:0051171,GO:0051172,GO:0051179,GO:0051239,GO:0051240,GO:0051252,GO:0051253,GO:0051674,GO:0060255,GO:0060322,GO:0060429,GO:0060560,GO:0060562,GO:0061351,GO:0061564,GO:0065007,GO:0071840,GO:0072148,GO:0080090,GO:0097154,GO:0097159,GO:0097485,GO:0120036,GO:0120039,GO:0140110,GO:1901363,GO:1902679,GO:1903506,GO:1903507,GO:1904936,GO:1990837,GO:2000112,GO:2000113,GO:2001141"
"39","ptg000013l","Liftoff","gene",9691071,9712310,".","-",".","ID=gene:ENSLAIG00005014326;biotype=protein_coding;gene_id=ENSLAIG00005014326;version=1;coverage=0.779;sequence_ID=0.756;valid_ORFs=0;extra_copy_number=0;copy_num_ID=gene:ENSLAIG00005014326_0"
"40","ptg000013l","Liftoff","mRNA",9691071,9712310,".","-",".","ID=transcript:ENSLAIT00005000397;Parent=gene:ENSLAIG00005014326;biotype=protein_coding;tag=Ensembl_canonical;transcript_id=ENSLAIT00005000397;version=1;matches_ref_protein=False;valid_ORF=False;missing_start_codon=True;extra_copy_number=0"
"41","ptg000013l","Liftoff","gene",11796975,11798145,".","+",".","ID=gene:ENSLAIG00005002401;Name=SLC39A9;biotype=protein_coding;description=solute carrier family 39 member 9 [Ensembl NN prediction with score 98.24%25];gene_id=ENSLAIG00005002401;version=1;coverage=0.993;sequence_ID=0.931;valid_ORFs=1;extra_copy_number=0;copy_num_ID=gene:ENSLAIG00005002401_0"
"42","ptg000013l","Liftoff","mRNA",11796975,11798145,".","+",".","ID=transcript:ENSLAIT00005004982;Parent=gene:ENSLAIG00005002401;biotype=protein_coding;tag=Ensembl_canonical;transcript_id=ENSLAIT00005004982;version=1;matches_ref_protein=False;valid_ORF=True;extra_copy_number=0;em_target=13037.EHJ69818;em_score=181.0;em_evalue=4.28e-55;em_tcov=52.6;em_OGs=2C9WU@1|root,2S9H9@2759|Eukaryota,3A862@33154|Opisthokonta,3BU8I@33208|Metazoa,3DAVC@33213|Bilateria,421AZ@6656|Arthropoda,3T03Z@50557|Insecta;em_COG_cat=S;em_desc=cuticle protein;em_max_annot_lvl=33208|Metazoa;em_PFAMs=Chitin_bind_4;em_Preferred_name=;em_GOs=GO:0003674,GO:0005198,GO:0005214,GO:0005575,GO:0005576,GO:0007275,GO:0008010,GO:0008150,GO:0031012,GO:0032501,GO:0032502,GO:0040003,GO:0042302,GO:0042335,GO:0044421,GO:0048856"
"43","ptg000013l","Liftoff","mRNA",11797295,11797987,".","+",".","ID=transcript:ENSLAIT00005004981;Parent=gene:ENSLAIG00005002401;biotype=protein_coding;transcript_id=ENSLAIT00005004981;version=1;matches_ref_protein=False;valid_ORF=False;inframe_stop_codon=True;extra_copy_number=0"
"44","ptg000014l","Liftoff","mRNA",10143818,10172734,".","+",".","ID=transcript:ENSLAIT00005013215;Parent=gene:ENSLAIG00005007948;biotype=protein_coding;transcript_id=ENSLAIT00005013215;version=1;matches_ref_protein=False;valid_ORF=False;missing_start_codon=True;extra_copy_number=0;em_target=13037.EHJ78668;em_score=726.0;em_evalue=1.36e-259;em_tcov=57.8;em_OGs=28KI0@1|root,2QSZB@2759|Eukaryota,38CI0@33154|Opisthokonta,3B9KE@33208|Metazoa,3CYY4@33213|Bilateria,41UG3@6656|Arthropoda,3SG0D@50557|Insecta,443I7@7088|Lepidoptera;em_COG_cat=C;em_desc=Transferrins are iron binding transport proteins which bind Fe(3 ) ion in association with the binding of an anion, usually bicarbonate;em_max_annot_lvl=33208|Metazoa;em_Preferred_name=MFI2;em_KEGG_ko=ko:K06569;em_BRITE=ko00000,ko04090;em_PFAMs=Transferrin;em_GOs=GO:0000041,GO:0003674,GO:0005488,GO:0005506,GO:0005575,GO:0005576,GO:0005622,GO:0005623,GO:0005737,GO:0005783,GO:0005788,GO:0005886,GO:0006464,GO:0006807,GO:0006810,GO:0006811,GO:0006812,GO:0006826,GO:0007162,GO:0007610,GO:0007635,GO:0008150,GO:0008152,GO:0009605,GO:0009607,GO:0009620,GO:0009893,GO:0009986,GO:0009987,GO:0010468,GO:0010604,GO:0010628,GO:0010715,GO:0010721,GO:0010755,GO:0010756,GO:0010769,GO:0010771,GO:0010810,GO:0010812,GO:0010954,GO:0012505,GO:0016020,GO:0019222,GO:0019538,GO:0022603,GO:0022604,GO:0030001,GO:0030155,GO:0030162,GO:0031224,GO:0031225,GO:0031226,GO:0031323,GO:0031325,GO:0031974,GO:0032268,GO:0032270,GO:0036211,GO:0042048,GO:0042221,GO:0043167,GO:0043169,GO:0043170,GO:0043207,GO:0043226,GO:0043227,GO:0043229,GO:0043231,GO:0043233,GO:0043412,GO:0043687,GO:0044237,GO:0044238,GO:0044260,GO:0044267,GO:0044422,GO:0044424,GO:0044425,GO:0044432,GO:0044444,GO:0044446,GO:0044459,GO:0044464,GO:0045595,GO:0045596,GO:0045862,GO:0046658,GO:0046872,GO:0046914,GO:0048518,GO:0048519,GO:0048522,GO:0048523,GO:0050789,GO:0050793,GO:0050794,GO:0050896,GO:0051093,GO:0051128,GO:0051129,GO:0051130,GO:0051171,GO:0051173,GO:0051179,GO:0051234,GO:0051246,GO:0051247,GO:0051704,GO:0051707,GO:0060255,GO:0060284,GO:0065007,GO:0070013,GO:0070613,GO:0071704,GO:0071944,GO:0080090,GO:0090091,GO:0097286,GO:1900024,GO:1900025,GO:1901564,GO:1903053,GO:1903055,GO:1903317,GO:1903319"
"45","ptg000014l","Liftoff","gene",10143818,10173416,".","+",".","ID=gene:ENSLAIG00005007948;biotype=protein_coding;gene_id=ENSLAIG00005007948;version=1;coverage=0.894;sequence_ID=0.842;valid_ORFs=0;extra_copy_number=0;copy_num_ID=gene:ENSLAIG00005007948_0"
"46","ptg000014l","Liftoff","mRNA",10144102,10173416,".","+",".","ID=transcript:ENSLAIT00005013204;Parent=gene:ENSLAIG00005007948;biotype=protein_coding;tag=Ensembl_canonical;transcript_id=ENSLAIT00005013204;version=1;matches_ref_protein=False;valid_ORF=False;missing_stop_codon=True;extra_copy_number=0;em_target=13037.EHJ78668;em_score=755.0;em_evalue=2.04e-270;em_tcov=61.2;em_OGs=28KI0@1|root,2QSZB@2759|Eukaryota,38CI0@33154|Opisthokonta,3B9KE@33208|Metazoa,3CYY4@33213|Bilateria,41UG3@6656|Arthropoda,3SG0D@50557|Insecta,443I7@7088|Lepidoptera;em_COG_cat=C;em_desc=Transferrins are iron binding transport proteins which bind Fe(3 ) ion in association with the binding of an anion, usually bicarbonate;em_max_annot_lvl=33208|Metazoa;em_Preferred_name=MFI2;em_KEGG_ko=ko:K06569;em_BRITE=ko00000,ko04090;em_PFAMs=Transferrin;em_GOs=GO:0000041,GO:0003674,GO:0005488,GO:0005506,GO:0005575,GO:0005576,GO:0005622,GO:0005623,GO:0005737,GO:0005783,GO:0005788,GO:0005886,GO:0006464,GO:0006807,GO:0006810,GO:0006811,GO:0006812,GO:0006826,GO:0007162,GO:0007610,GO:0007635,GO:0008150,GO:0008152,GO:0009605,GO:0009607,GO:0009620,GO:0009893,GO:0009986,GO:0009987,GO:0010468,GO:0010604,GO:0010628,GO:0010715,GO:0010721,GO:0010755,GO:0010756,GO:0010769,GO:0010771,GO:0010810,GO:0010812,GO:0010954,GO:0012505,GO:0016020,GO:0019222,GO:0019538,GO:0022603,GO:0022604,GO:0030001,GO:0030155,GO:0030162,GO:0031224,GO:0031225,GO:0031226,GO:0031323,GO:0031325,GO:0031974,GO:0032268,GO:0032270,GO:0036211,GO:0042048,GO:0042221,GO:0043167,GO:0043169,GO:0043170,GO:0043207,GO:0043226,GO:0043227,GO:0043229,GO:0043231,GO:0043233,GO:0043412,GO:0043687,GO:0044237,GO:0044238,GO:0044260,GO:0044267,GO:0044422,GO:0044424,GO:0044425,GO:0044432,GO:0044444,GO:0044446,GO:0044459,GO:0044464,GO:0045595,GO:0045596,GO:0045862,GO:0046658,GO:0046872,GO:0046914,GO:0048518,GO:0048519,GO:0048522,GO:0048523,GO:0050789,GO:0050793,GO:0050794,GO:0050896,GO:0051093,GO:0051128,GO:0051129,GO:0051130,GO:0051171,GO:0051173,GO:0051179,GO:0051234,GO:0051246,GO:0051247,GO:0051704,GO:0051707,GO:0060255,GO:0060284,GO:0065007,GO:0070013,GO:0070613,GO:0071704,GO:0071944,GO:0080090,GO:0090091,GO:0097286,GO:1900024,GO:1900025,GO:1901564,GO:1903053,GO:1903055,GO:1903317,GO:1903319"
"47","ptg000014l","Liftoff","gene",12456303,12466615,".","+",".","ID=gene:ENSLAIG00005007629;biotype=protein_coding;gene_id=ENSLAIG00005007629;version=1;coverage=0.997;sequence_ID=0.956;valid_ORFs=2;extra_copy_number=0;copy_num_ID=gene:ENSLAIG00005007629_0"
"48","ptg000014l","Liftoff","mRNA",12456303,12466615,".","+",".","ID=transcript:ENSLAIT00005012738;Parent=gene:ENSLAIG00005007629;biotype=protein_coding;transcript_id=ENSLAIT00005012738;version=1;matches_ref_protein=False;valid_ORF=True;extra_copy_number=0;em_target=34740.HMEL010976-PA;em_score=568.0;em_evalue=3.76e-203;em_tcov=100.0;em_OGs=2C3BG@1|root,2S2ZN@2759|Eukaryota,3A504@33154|Opisthokonta,3BS94@33208|Metazoa,3D89F@33213|Bilateria,41ZZS@6656|Arthropoda,3SMNG@50557|Insecta,443R7@7088|Lepidoptera;em_COG_cat=S;em_desc=Structural constituent of cuticle;em_max_annot_lvl=33208|Metazoa;em_Preferred_name=;em_PFAMs=Chitin_bind_4;em_GOs="
"49","ptg000014l","Liftoff","mRNA",12456362,12466465,".","+",".","ID=transcript:ENSLAIT00005012737;Parent=gene:ENSLAIG00005007629;biotype=protein_coding;tag=Ensembl_canonical;transcript_id=ENSLAIT00005012737;version=1;matches_ref_protein=False;valid_ORF=True;extra_copy_number=0;em_target=34740.HMEL010976-PA;em_score=567.0;em_evalue=4.41e-202;em_tcov=100.0;em_OGs=2C3BG@1|root,2S2ZN@2759|Eukaryota,3A504@33154|Opisthokonta,3BS94@33208|Metazoa,3D89F@33213|Bilateria,41ZZS@6656|Arthropoda,3SMNG@50557|Insecta,443R7@7088|Lepidoptera;em_COG_cat=S;em_desc=Structural constituent of cuticle;em_max_annot_lvl=33208|Metazoa;em_Preferred_name=;em_PFAMs=Chitin_bind_4;em_GOs="
"50","ptg000016l","Liftoff","gene",8781020,8852691,".","+",".","ID=gene:ENSLAIG00005005073;biotype=protein_coding;gene_id=ENSLAIG00005005073;version=1;coverage=0.857;sequence_ID=0.813;valid_ORFs=0;extra_copy_number=0;copy_num_ID=gene:ENSLAIG00005005073_0"
"51","ptg000016l","Liftoff","mRNA",8781020,8852691,".","+",".","ID=transcript:ENSLAIT00005008897;Parent=gene:ENSLAIG00005005073;biotype=protein_coding;transcript_id=ENSLAIT00005008897;version=1;matches_ref_protein=False;valid_ORF=False;missing_start_codon=True;extra_copy_number=0"
"52","ptg000016l","Liftoff","mRNA",8815696,8852691,".","+",".","ID=transcript:ENSLAIT00005008898;Parent=gene:ENSLAIG00005005073;biotype=protein_coding;tag=Ensembl_canonical;transcript_id=ENSLAIT00005008898;version=1;matches_ref_protein=False;valid_ORF=False;missing_start_codon=True;extra_copy_number=0"
"53","ptg000018l","Liftoff","gene",4800796,4808907,".","-",".","ID=gene:ENSLAIG00005005207;Name=ALDH1L1;biotype=protein_coding;description=aldehyde dehydrogenase 1 family member L1 [Ensembl NN prediction with score 85.36%25];gene_id=ENSLAIG00005005207;version=1;coverage=0.840;sequence_ID=0.798;valid_ORFs=0;extra_copy_number=0;copy_num_ID=gene:ENSLAIG00005005207_0"
"54","ptg000018l","Liftoff","mRNA",4800796,4808907,".","-",".","ID=transcript:ENSLAIT00005009092;Parent=gene:ENSLAIG00005005207;biotype=protein_coding;tag=Ensembl_canonical;transcript_id=ENSLAIT00005009092;version=1;matches_ref_protein=False;valid_ORF=False;missing_stop_codon=True;extra_copy_number=0;em_target=13037.EHJ79154;em_score=1659.0;em_evalue=0.0;em_tcov=98.1;em_OGs=COG1012@1|root,KOG2452@2759|Eukaryota,39MAJ@33154|Opisthokonta,3BCUT@33208|Metazoa,3CY12@33213|Bilateria,41TD0@6656|Arthropoda,3SHBS@50557|Insecta,441UB@7088|Lepidoptera;em_COG_cat=F;em_desc=oxidoreductase activity, acting on the aldehyde or oxo group of donors, NAD or NADP as acceptor. It is involved in the biological process described with oxidation-reduction process;em_max_annot_lvl=33208|Metazoa;em_Preferred_name=ALDH1L2;em_EC=1.5.1.6;em_KEGG_ko=ko:K00289;em_KEGG_Pathway=ko00670,map00670;em_KEGG_Reaction=R00941;em_KEGG_rclass=RC00026;em_BRITE=ko00000,ko00001,ko01000;em_PFAMs=Aldedh,Formyl_trans_C,Formyl_trans_N,PP-binding;em_GOs=GO:0003674,GO:0003824,GO:0004029,GO:0004030,GO:0005488,GO:0005575,GO:0005622,GO:0005623,GO:0005634,GO:0005737,GO:0005739,GO:0005759,GO:0005829,GO:0006082,GO:0006575,GO:0006725,GO:0006732,GO:0006760,GO:0006766,GO:0006767,GO:0006807,GO:0008150,GO:0008152,GO:0009056,GO:0009058,GO:0009108,GO:0009109,GO:0009256,GO:0009258,GO:0009396,GO:0009397,GO:0009987,GO:0016053,GO:0016054,GO:0016155,GO:0016491,GO:0016620,GO:0016645,GO:0016646,GO:0016903,GO:0017144,GO:0018130,GO:0019438,GO:0019439,GO:0019752,GO:0031974,GO:0032991,GO:0033721,GO:0034641,GO:0042219,GO:0042398,GO:0042558,GO:0042559,GO:0042560,GO:0043226,GO:0043227,GO:0043229,GO:0043231,GO:0043233,GO:0043436,GO:0043603,GO:0043604,GO:0043648,GO:0043649,GO:0044237,GO:0044248,GO:0044249,GO:0044270,GO:0044271,GO:0044281,GO:0044282,GO:0044283,GO:0044422,GO:0044424,GO:0044429,GO:0044444,GO:0044446,GO:0044464,GO:0044877,GO:0046394,GO:0046395,GO:0046483,GO:0046653,GO:0046654,GO:0046655,GO:0046700,GO:0051186,GO:0051187,GO:0051188,GO:0055114,GO:0070013,GO:0071704,GO:1901360,GO:1901361,GO:1901362,GO:1901564,GO:1901565,GO:1901566,GO:1901575,GO:1901576"
"55","ptg000019l","Liftoff","gene",8784695,8793903,".","+",".","ID=gene:ENSLAIG00005008259;biotype=protein_coding;gene_id=ENSLAIG00005008259;version=1;coverage=1.0;sequence_ID=0.954;valid_ORFs=1;extra_copy_number=0;copy_num_ID=gene:ENSLAIG00005008259_0"
"56","ptg000019l","Liftoff","mRNA",8784695,8793903,".","+",".","ID=transcript:ENSLAIT00005013676;Parent=gene:ENSLAIG00005008259;biotype=protein_coding;tag=Ensembl_canonical;transcript_id=ENSLAIT00005013676;version=1;matches_ref_protein=False;valid_ORF=True;extra_copy_number=0;em_target=34740.HMEL011600-PA;em_score=962.0;em_evalue=0.0;em_tcov=100.0;em_OGs=29D7G@1|root,2RKBA@2759|Eukaryota,39T6K@33154|Opisthokonta,3BJCU@33208|Metazoa,3D3GM@33213|Bilateria,41Y5C@6656|Arthropoda,3SG93@50557|Insecta,443UH@7088|Lepidoptera;em_COG_cat=O;em_desc=chitin binding. It is involved in the biological process described with chitin metabolic process;em_max_annot_lvl=33208|Metazoa;em_Preferred_name=;em_PFAMs=CBM_14,Ldl_recept_a,Polysacc_deac_1;em_GOs=GO:0003674,GO:0003824,GO:0004099,GO:0004553,GO:0004568,GO:0005488,GO:0005575,GO:0005576,GO:0006022,GO:0006026,GO:0006030,GO:0006032,GO:0006040,GO:0006807,GO:0008061,GO:0008144,GO:0008150,GO:0008152,GO:0009056,GO:0009057,GO:0009987,GO:0016787,GO:0016798,GO:0016810,GO:0016811,GO:0017144,GO:0019213,GO:0042737,GO:0043170,GO:0044237,GO:0044248,GO:0046348,GO:0071704,GO:0097367,GO:1901071,GO:1901072,GO:1901135,GO:1901136,GO:1901564,GO:1901565,GO:1901575"
"57","ptg000020l","Liftoff","gene",1222209,1223808,".","-",".","ID=gene:ENSLAIG00005013928;Name=C12orf57;biotype=protein_coding;description=chromosome 12 open reading frame 57 [Ensembl NN prediction with score 83.96%25];gene_id=ENSLAIG00005013928;version=1;coverage=0.895;sequence_ID=0.717;valid_ORFs=0;extra_copy_number=0;copy_num_ID=gene:ENSLAIG00005013928_0"
"58","ptg000020l","Liftoff","mRNA",1222209,1223808,".","-",".","ID=transcript:ENSLAIT00005000995;Parent=gene:ENSLAIG00005013928;biotype=protein_coding;tag=Ensembl_canonical;transcript_id=ENSLAIT00005000995;version=1;matches_ref_protein=False;valid_ORF=False;missing_start_codon=True;extra_copy_number=0;em_target=34740.HMEL014428-PA;em_score=177.0;em_evalue=6.41e-56;em_tcov=92.8;em_OGs=2D8AY@1|root,2T9GB@2759|Eukaryota,3949F@33154|Opisthokonta,3BRYN@33208|Metazoa,3DQTF@33213|Bilateria,42705@6656|Arthropoda,3SYF7@50557|Insecta,4479Y@7088|Lepidoptera;em_COG_cat=S;em_desc=Insect cuticle protein;em_max_annot_lvl=33208|Metazoa;em_Preferred_name=;em_PFAMs=Chitin_bind_4"
"59","ptg000024l","Liftoff","mRNA",2314201,2321986,".","-",".","ID=transcript:ENSLAIT00005015250;Parent=gene:ENSLAIG00005009286;biotype=protein_coding;tag=Ensembl_canonical;transcript_id=ENSLAIT00005015250;version=1;matches_ref_protein=False;valid_ORF=True;extra_copy_number=0;em_target=7091.BGIBMGA002508-TA;em_score=919.0;em_evalue=0.0;em_tcov=90.7;em_OGs=COG0469@1|root,KOG2323@2759|Eukaryota,38BPM@33154|Opisthokonta,3BD41@33208|Metazoa,3CV2P@33213|Bilateria,41WFI@6656|Arthropoda,3SHK3@50557|Insecta,4444M@7088|Lepidoptera;em_COG_cat=G;em_desc=Pyruvate kinase, alpha/beta domain;em_max_annot_lvl=33208|Metazoa;em_Preferred_name=PKM;em_EC=2.7.1.40;em_KEGG_ko=ko:K00873,ko:K12406;em_KEGG_Pathway=ko00010,ko00230,ko00620,ko01100,ko01110,ko01120,ko01130,ko01200,ko01230,ko04910,ko04922,ko04930,ko04932,ko04950,ko05165,ko05203,ko05230,map00010,map00230,map00620,map01100,map01110,map01120,map01130,map01200,map01230,map04910,map04922,map04930,map04932,map04950,map05165,map05203,map05230;em_KEGG_Module=M00001,M00002,M00049,M00050;em_KEGG_Reaction=R00200,R00430,R01138,R01858,R02320;em_KEGG_rclass=RC00002,RC00015;em_BRITE=ko00000,ko00001,ko00002,ko01000,ko04131,ko04147;em_PFAMs=PK,PK_C;em_GOs=GO:0000166,GO:0000768,GO:0001666,GO:0001775,GO:0001889,GO:0001917,GO:0002252,GO:0002263,GO:0002274,GO:0002275,GO:0002283,GO:0002366,GO:0002376,GO:0002443,GO:0002444,GO:0002446,GO:0003674,GO:0003824,GO:0004743,GO:0005488,GO:0005515,GO:0005575,GO:0005576,GO:0005622,GO:0005623,GO:0005634,GO:0005737,GO:0005829,GO:0005886,GO:0005929,GO:0005975,GO:0005996,GO:0006006,GO:0006007,GO:0006082,GO:0006090,GO:0006091,GO:0006096,GO:0006139,GO:0006163,GO:0006164,GO:0006165,GO:0006725,GO:0006732,GO:0006733,GO:0006734,GO:0006735,GO:0006753,GO:0006754,GO:0006757,GO:0006793,GO:0006796,GO:0006807,GO:0006810,GO:0006887,GO:0006949,GO:0006950,GO:0006955,GO:0007275,GO:0007520,GO:0007525,GO:0007584,GO:0008150,GO:0008152,GO:0008219,GO:0009056,GO:0009058,GO:0009108,GO:0009117,GO:0009123,GO:0009124,GO:0009126,GO:0009127,GO:0009132,GO:0009135,GO:0009141,GO:0009142,GO:0009144,GO:0009145,GO:0009150,GO:0009152,GO:0009156,GO:0009161,GO:0009165,GO:0009166,GO:0009167,GO:0009168,GO:0009179,GO:0009185,GO:0009199,GO:0009201,GO:0009205,GO:0009206,GO:0009259,GO:0009260,GO:0009266,GO:0009408,GO:0009435,GO:0009605,GO:0009607,GO:0009611,GO:0009628,GO:0009629,GO:0009653,GO:0009719,GO:0009725,GO:0009743,GO:0009744,GO:0009746,GO:0009749,GO:0009888,GO:0009987,GO:0009991,GO:0010033,GO:0010035,GO:0010038,GO:0010226,GO:0010243,GO:0012501,GO:0012505,GO:0014070,GO:0014074,GO:0014854,GO:0014870,GO:0014902,GO:0016020,GO:0016043,GO:0016052,GO:0016053,GO:0016192,GO:0016310,GO:0016740,GO:0016772,GO:0016773,GO:0017076,GO:0017144,GO:0018130,GO:0019318,GO:0019320,GO:0019359,GO:0019362,GO:0019363,GO:0019438,GO:0019439,GO:0019637,GO:0019674,GO:0019693,GO:0019752,GO:0022607,GO:0030141,GO:0030154,GO:0030554,GO:0031016,GO:0031018,GO:0031099,GO:0031100,GO:0031410,GO:0031667,GO:0031974,GO:0031982,GO:0031983,GO:0032501,GO:0032502,GO:0032553,GO:0032555,GO:0032559,GO:0032787,GO:0032868,GO:0032869,GO:0032870,GO:0032940,GO:0032991,GO:0033198,GO:0033500,GO:0034284,GO:0034285,GO:0034404,GO:0034641,GO:0034654,GO:0034655,GO:0034774,GO:0035270,GO:0035770,GO:0036094,GO:0036230,GO:0036293,GO:0036464,GO:0040007,GO:0042060,GO:0042119,GO:0042221,GO:0042246,GO:0042493,GO:0042562,GO:0042592,GO:0042593,GO:0042692,GO:0042802,GO:0042866,GO:0042995,GO:0043167,GO:0043168,GO:0043186,GO:0043207,GO:0043209,GO:0043226,GO:0043227,GO:0043228,GO:0043229,GO:0043231,GO:0043232,GO:0043233,GO:0043299,GO:0043312,GO:0043403,GO:0043434,GO:0043436,GO:0043531,GO:0043933,GO:0044085,GO:0044237,GO:0044238,GO:0044248,GO:0044249,GO:0044270,GO:0044271,GO:0044281,GO:0044282,GO:0044283,GO:0044422,GO:0044424,GO:0044433,GO:0044444,GO:0044446,GO:0044464,GO:0045055,GO:0045321,GO:0045495,GO:0046031,GO:0046034,GO:0046365,GO:0046390,GO:0046394,GO:0046434,GO:0046483,GO:0046496,GO:0046683,GO:0046700,GO:0046903,GO:0046939,GO:0048513,GO:0048589,GO:0048646,GO:0048731,GO:0048732,GO:0048856,GO:0048869,GO:0048878,GO:0050896,GO:0051146,GO:0051179,GO:0051186,GO:0051188,GO:0051234,GO:0051259,GO:0051260,GO:0051262,GO:0051289,GO:0051591,GO:0051704,GO:0051707,GO:0051716,GO:0055086,GO:0055114,GO:0060205,GO:0060293,GO:0061008,GO:0061061,GO:0061615,GO:0061620,GO:0061621,GO:0061695,GO:0061718,GO:0065003,GO:0065007,GO:0065008,GO:0070013,GO:0070324,GO:0070482,GO:0070887,GO:0071310,GO:0071375,GO:0071407,GO:0071417,GO:0071495,GO:0071704,GO:0071840,GO:0071867,GO:0071868,GO:0071869,GO:0071870,GO:0071871,GO:0071872,GO:0071944,GO:0072330,GO:0072521,GO:0072522,GO:0072524,GO:0072525,GO:0090407,GO:0097159,GO:0097367,GO:0097458,GO:0097708,GO:0099503,GO:0101002,GO:0120025,GO:1901135,GO:1901137,GO:1901265,GO:1901292,GO:1901293,GO:1901360,GO:1901361,GO:1901362,GO:1901363,GO:1901564,GO:1901566,GO:1901575,GO:1901576,GO:1901652,GO:1901653,GO:1901698,GO:1901699,GO:1901700,GO:1901701,GO:1902494,GO:1902912,GO:1904813,GO:1990234,GO:1990904"
"60","ptg000024l","Liftoff","mRNA",2314201,2323566,".","-",".","ID=transcript:ENSLAIT00005015251;Parent=gene:ENSLAIG00005009286;biotype=protein_coding;transcript_id=ENSLAIT00005015251;version=1;matches_ref_protein=False;valid_ORF=True;extra_copy_number=0;em_target=7091.BGIBMGA002508-TA;em_score=891.0;em_evalue=0.0;em_tcov=83.3;em_OGs=COG0469@1|root,KOG2323@2759|Eukaryota,38BPM@33154|Opisthokonta,3BD41@33208|Metazoa,3CV2P@33213|Bilateria,41WFI@6656|Arthropoda,3SHK3@50557|Insecta,4444M@7088|Lepidoptera;em_COG_cat=G;em_desc=Pyruvate kinase, alpha/beta domain;em_max_annot_lvl=33208|Metazoa;em_Preferred_name=PKM;em_EC=2.7.1.40;em_KEGG_ko=ko:K00873,ko:K12406;em_KEGG_Pathway=ko00010,ko00230,ko00620,ko01100,ko01110,ko01120,ko01130,ko01200,ko01230,ko04910,ko04922,ko04930,ko04932,ko04950,ko05165,ko05203,ko05230,map00010,map00230,map00620,map01100,map01110,map01120,map01130,map01200,map01230,map04910,map04922,map04930,map04932,map04950,map05165,map05203,map05230;em_KEGG_Module=M00001,M00002,M00049,M00050;em_KEGG_Reaction=R00200,R00430,R01138,R01858,R02320;em_KEGG_rclass=RC00002,RC00015;em_BRITE=ko00000,ko00001,ko00002,ko01000,ko04131,ko04147;em_PFAMs=PK,PK_C;em_GOs=GO:0000166,GO:0000768,GO:0001666,GO:0001775,GO:0001889,GO:0001917,GO:0002252,GO:0002263,GO:0002274,GO:0002275,GO:0002283,GO:0002366,GO:0002376,GO:0002443,GO:0002444,GO:0002446,GO:0003674,GO:0003824,GO:0004743,GO:0005488,GO:0005515,GO:0005575,GO:0005576,GO:0005622,GO:0005623,GO:0005634,GO:0005737,GO:0005829,GO:0005886,GO:0005929,GO:0005975,GO:0005996,GO:0006006,GO:0006007,GO:0006082,GO:0006090,GO:0006091,GO:0006096,GO:0006139,GO:0006163,GO:0006164,GO:0006165,GO:0006725,GO:0006732,GO:0006733,GO:0006734,GO:0006735,GO:0006753,GO:0006754,GO:0006757,GO:0006793,GO:0006796,GO:0006807,GO:0006810,GO:0006887,GO:0006949,GO:0006950,GO:0006955,GO:0007275,GO:0007520,GO:0007525,GO:0007584,GO:0008150,GO:0008152,GO:0008219,GO:0009056,GO:0009058,GO:0009108,GO:0009117,GO:0009123,GO:0009124,GO:0009126,GO:0009127,GO:0009132,GO:0009135,GO:0009141,GO:0009142,GO:0009144,GO:0009145,GO:0009150,GO:0009152,GO:0009156,GO:0009161,GO:0009165,GO:0009166,GO:0009167,GO:0009168,GO:0009179,GO:0009185,GO:0009199,GO:0009201,GO:0009205,GO:0009206,GO:0009259,GO:0009260,GO:0009266,GO:0009408,GO:0009435,GO:0009605,GO:0009607,GO:0009611,GO:0009628,GO:0009629,GO:0009653,GO:0009719,GO:0009725,GO:0009743,GO:0009744,GO:0009746,GO:0009749,GO:0009888,GO:0009987,GO:0009991,GO:0010033,GO:0010035,GO:0010038,GO:0010226,GO:0010243,GO:0012501,GO:0012505,GO:0014070,GO:0014074,GO:0014854,GO:0014870,GO:0014902,GO:0016020,GO:0016043,GO:0016052,GO:0016053,GO:0016192,GO:0016310,GO:0016740,GO:0016772,GO:0016773,GO:0017076,GO:0017144,GO:0018130,GO:0019318,GO:0019320,GO:0019359,GO:0019362,GO:0019363,GO:0019438,GO:0019439,GO:0019637,GO:0019674,GO:0019693,GO:0019752,GO:0022607,GO:0030141,GO:0030154,GO:0030554,GO:0031016,GO:0031018,GO:0031099,GO:0031100,GO:0031410,GO:0031667,GO:0031974,GO:0031982,GO:0031983,GO:0032501,GO:0032502,GO:0032553,GO:0032555,GO:0032559,GO:0032787,GO:0032868,GO:0032869,GO:0032870,GO:0032940,GO:0032991,GO:0033198,GO:0033500,GO:0034284,GO:0034285,GO:0034404,GO:0034641,GO:0034654,GO:0034655,GO:0034774,GO:0035270,GO:0035770,GO:0036094,GO:0036230,GO:0036293,GO:0036464,GO:0040007,GO:0042060,GO:0042119,GO:0042221,GO:0042246,GO:0042493,GO:0042562,GO:0042592,GO:0042593,GO:0042692,GO:0042802,GO:0042866,GO:0042995,GO:0043167,GO:0043168,GO:0043186,GO:0043207,GO:0043209,GO:0043226,GO:0043227,GO:0043228,GO:0043229,GO:0043231,GO:0043232,GO:0043233,GO:0043299,GO:0043312,GO:0043403,GO:0043434,GO:0043436,GO:0043531,GO:0043933,GO:0044085,GO:0044237,GO:0044238,GO:0044248,GO:0044249,GO:0044270,GO:0044271,GO:0044281,GO:0044282,GO:0044283,GO:0044422,GO:0044424,GO:0044433,GO:0044444,GO:0044446,GO:0044464,GO:0045055,GO:0045321,GO:0045495,GO:0046031,GO:0046034,GO:0046365,GO:0046390,GO:0046394,GO:0046434,GO:0046483,GO:0046496,GO:0046683,GO:0046700,GO:0046903,GO:0046939,GO:0048513,GO:0048589,GO:0048646,GO:0048731,GO:0048732,GO:0048856,GO:0048869,GO:0048878,GO:0050896,GO:0051146,GO:0051179,GO:0051186,GO:0051188,GO:0051234,GO:0051259,GO:0051260,GO:0051262,GO:0051289,GO:0051591,GO:0051704,GO:0051707,GO:0051716,GO:0055086,GO:0055114,GO:0060205,GO:0060293,GO:0061008,GO:0061061,GO:0061615,GO:0061620,GO:0061621,GO:0061695,GO:0061718,GO:0065003,GO:0065007,GO:0065008,GO:0070013,GO:0070324,GO:0070482,GO:0070887,GO:0071310,GO:0071375,GO:0071407,GO:0071417,GO:0071495,GO:0071704,GO:0071840,GO:0071867,GO:0071868,GO:0071869,GO:0071870,GO:0071871,GO:0071872,GO:0071944,GO:0072330,GO:0072521,GO:0072522,GO:0072524,GO:0072525,GO:0090407,GO:0097159,GO:0097367,GO:0097458,GO:0097708,GO:0099503,GO:0101002,GO:0120025,GO:1901135,GO:1901137,GO:1901265,GO:1901292,GO:1901293,GO:1901360,GO:1901361,GO:1901362,GO:1901363,GO:1901564,GO:1901566,GO:1901575,GO:1901576,GO:1901652,GO:1901653,GO:1901698,GO:1901699,GO:1901700,GO:1901701,GO:1902494,GO:1902912,GO:1904813,GO:1990234,GO:1990904"
"61","ptg000024l","Liftoff","gene",2314201,2324162,".","-",".","ID=gene:ENSLAIG00005009286;biotype=protein_coding;gene_id=ENSLAIG00005009286;version=1;coverage=0.992;sequence_ID=0.934;valid_ORFs=3;extra_copy_number=0;copy_num_ID=gene:ENSLAIG00005009286_0"
"62","ptg000024l","Liftoff","mRNA",2314201,2324162,".","-",".","ID=transcript:ENSLAIT00005015244;Parent=gene:ENSLAIG00005009286;biotype=protein_coding;transcript_id=ENSLAIT00005015244;version=1;matches_ref_protein=False;valid_ORF=True;extra_copy_number=0;em_target=7091.BGIBMGA002508-TA;em_score=895.0;em_evalue=0.0;em_tcov=83.8;em_OGs=COG0469@1|root,KOG2323@2759|Eukaryota,38BPM@33154|Opisthokonta,3BD41@33208|Metazoa,3CV2P@33213|Bilateria,41WFI@6656|Arthropoda,3SHK3@50557|Insecta,4444M@7088|Lepidoptera;em_COG_cat=G;em_desc=Pyruvate kinase, alpha/beta domain;em_max_annot_lvl=33208|Metazoa;em_Preferred_name=PKM;em_EC=2.7.1.40;em_KEGG_ko=ko:K00873,ko:K12406;em_KEGG_Pathway=ko00010,ko00230,ko00620,ko01100,ko01110,ko01120,ko01130,ko01200,ko01230,ko04910,ko04922,ko04930,ko04932,ko04950,ko05165,ko05203,ko05230,map00010,map00230,map00620,map01100,map01110,map01120,map01130,map01200,map01230,map04910,map04922,map04930,map04932,map04950,map05165,map05203,map05230;em_KEGG_Module=M00001,M00002,M00049,M00050;em_KEGG_Reaction=R00200,R00430,R01138,R01858,R02320;em_KEGG_rclass=RC00002,RC00015;em_BRITE=ko00000,ko00001,ko00002,ko01000,ko04131,ko04147;em_PFAMs=PK,PK_C;em_GOs=GO:0000166,GO:0000768,GO:0001666,GO:0001775,GO:0001889,GO:0001917,GO:0002252,GO:0002263,GO:0002274,GO:0002275,GO:0002283,GO:0002366,GO:0002376,GO:0002443,GO:0002444,GO:0002446,GO:0003674,GO:0003824,GO:0004743,GO:0005488,GO:0005515,GO:0005575,GO:0005576,GO:0005622,GO:0005623,GO:0005634,GO:0005737,GO:0005829,GO:0005886,GO:0005929,GO:0005975,GO:0005996,GO:0006006,GO:0006007,GO:0006082,GO:0006090,GO:0006091,GO:0006096,GO:0006139,GO:0006163,GO:0006164,GO:0006165,GO:0006725,GO:0006732,GO:0006733,GO:0006734,GO:0006735,GO:0006753,GO:0006754,GO:0006757,GO:0006793,GO:0006796,GO:0006807,GO:0006810,GO:0006887,GO:0006949,GO:0006950,GO:0006955,GO:0007275,GO:0007520,GO:0007525,GO:0007584,GO:0008150,GO:0008152,GO:0008219,GO:0009056,GO:0009058,GO:0009108,GO:0009117,GO:0009123,GO:0009124,GO:0009126,GO:0009127,GO:0009132,GO:0009135,GO:0009141,GO:0009142,GO:0009144,GO:0009145,GO:0009150,GO:0009152,GO:0009156,GO:0009161,GO:0009165,GO:0009166,GO:0009167,GO:0009168,GO:0009179,GO:0009185,GO:0009199,GO:0009201,GO:0009205,GO:0009206,GO:0009259,GO:0009260,GO:0009266,GO:0009408,GO:0009435,GO:0009605,GO:0009607,GO:0009611,GO:0009628,GO:0009629,GO:0009653,GO:0009719,GO:0009725,GO:0009743,GO:0009744,GO:0009746,GO:0009749,GO:0009888,GO:0009987,GO:0009991,GO:0010033,GO:0010035,GO:0010038,GO:0010226,GO:0010243,GO:0012501,GO:0012505,GO:0014070,GO:0014074,GO:0014854,GO:0014870,GO:0014902,GO:0016020,GO:0016043,GO:0016052,GO:0016053,GO:0016192,GO:0016310,GO:0016740,GO:0016772,GO:0016773,GO:0017076,GO:0017144,GO:0018130,GO:0019318,GO:0019320,GO:0019359,GO:0019362,GO:0019363,GO:0019438,GO:0019439,GO:0019637,GO:0019674,GO:0019693,GO:0019752,GO:0022607,GO:0030141,GO:0030154,GO:0030554,GO:0031016,GO:0031018,GO:0031099,GO:0031100,GO:0031410,GO:0031667,GO:0031974,GO:0031982,GO:0031983,GO:0032501,GO:0032502,GO:0032553,GO:0032555,GO:0032559,GO:0032787,GO:0032868,GO:0032869,GO:0032870,GO:0032940,GO:0032991,GO:0033198,GO:0033500,GO:0034284,GO:0034285,GO:0034404,GO:0034641,GO:0034654,GO:0034655,GO:0034774,GO:0035270,GO:0035770,GO:0036094,GO:0036230,GO:0036293,GO:0036464,GO:0040007,GO:0042060,GO:0042119,GO:0042221,GO:0042246,GO:0042493,GO:0042562,GO:0042592,GO:0042593,GO:0042692,GO:0042802,GO:0042866,GO:0042995,GO:0043167,GO:0043168,GO:0043186,GO:0043207,GO:0043209,GO:0043226,GO:0043227,GO:0043228,GO:0043229,GO:0043231,GO:0043232,GO:0043233,GO:0043299,GO:0043312,GO:0043403,GO:0043434,GO:0043436,GO:0043531,GO:0043933,GO:0044085,GO:0044237,GO:0044238,GO:0044248,GO:0044249,GO:0044270,GO:0044271,GO:0044281,GO:0044282,GO:0044283,GO:0044422,GO:0044424,GO:0044433,GO:0044444,GO:0044446,GO:0044464,GO:0045055,GO:0045321,GO:0045495,GO:0046031,GO:0046034,GO:0046365,GO:0046390,GO:0046394,GO:0046434,GO:0046483,GO:0046496,GO:0046683,GO:0046700,GO:0046903,GO:0046939,GO:0048513,GO:0048589,GO:0048646,GO:0048731,GO:0048732,GO:0048856,GO:0048869,GO:0048878,GO:0050896,GO:0051146,GO:0051179,GO:0051186,GO:0051188,GO:0051234,GO:0051259,GO:0051260,GO:0051262,GO:0051289,GO:0051591,GO:0051704,GO:0051707,GO:0051716,GO:0055086,GO:0055114,GO:0060205,GO:0060293,GO:0061008,GO:0061061,GO:0061615,GO:0061620,GO:0061621,GO:0061695,GO:0061718,GO:0065003,GO:0065007,GO:0065008,GO:0070013,GO:0070324,GO:0070482,GO:0070887,GO:0071310,GO:0071375,GO:0071407,GO:0071417,GO:0071495,GO:0071704,GO:0071840,GO:0071867,GO:0071868,GO:0071869,GO:0071870,GO:0071871,GO:0071872,GO:0071944,GO:0072330,GO:0072521,GO:0072522,GO:0072524,GO:0072525,GO:0090407,GO:0097159,GO:0097367,GO:0097458,GO:0097708,GO:0099503,GO:0101002,GO:0120025,GO:1901135,GO:1901137,GO:1901265,GO:1901292,GO:1901293,GO:1901360,GO:1901361,GO:1901362,GO:1901363,GO:1901564,GO:1901566,GO:1901575,GO:1901576,GO:1901652,GO:1901653,GO:1901698,GO:1901699,GO:1901700,GO:1901701,GO:1902494,GO:1902912,GO:1904813,GO:1990234,GO:1990904"
"63","ptg000025l","Liftoff","gene",7344967,7366032,".","-",".","ID=gene:ENSLAIG00005014917;Name=ZIC4;biotype=protein_coding;description=Zic family member 4 [Ensembl NN prediction with score 96.27%25];gene_id=ENSLAIG00005014917;version=1;coverage=1.0;sequence_ID=0.954;valid_ORFs=1;extra_copy_number=0;copy_num_ID=gene:ENSLAIG00005014917_0"
"64","ptg000025l","Liftoff","mRNA",7344967,7366032,".","-",".","ID=transcript:ENSLAIT00005022393;Parent=gene:ENSLAIG00005014917;biotype=protein_coding;tag=Ensembl_canonical;transcript_id=ENSLAIT00005022393;version=1;matches_ref_protein=False;valid_ORF=True;extra_copy_number=0;em_target=34740.HMEL011725-PA;em_score=469.0;em_evalue=1.48e-164;em_tcov=93.4;em_OGs=KOG1721@1|root,KOG1721@2759|Eukaryota,38EYF@33154|Opisthokonta,3BCH8@33208|Metazoa,3CUTF@33213|Bilateria,41VP5@6656|Arthropoda,3SR6W@50557|Insecta,4475E@7088|Lepidoptera;em_COG_cat=S;em_desc=Zinc finger, C2H2 type;em_max_annot_lvl=33208|Metazoa;em_Preferred_name=ZIC2;em_KEGG_ko=ko:K06235,ko:K09224,ko:K09225,ko:K09226,ko:K09227;em_BRITE=ko00000,ko03000;em_PFAMs=zf-C2H2;em_GOs=GO:0000003,GO:0000902,GO:0000904,GO:0000976,GO:0000977,GO:0000978,GO:0000980,GO:0000981,GO:0000982,GO:0000987,GO:0001012,GO:0001067,GO:0001077,GO:0001158,GO:0001205,GO:0001228,GO:0001501,GO:0001838,GO:0001841,GO:0001843,GO:0002009,GO:0002165,GO:0003008,GO:0003674,GO:0003676,GO:0003677,GO:0003682,GO:0003690,GO:0003700,GO:0003705,GO:0005488,GO:0005575,GO:0005622,GO:0005623,GO:0005634,GO:0005654,GO:0005737,GO:0006139,GO:0006351,GO:0006355,GO:0006357,GO:0006366,GO:0006725,GO:0006807,GO:0006928,GO:0006935,GO:0006996,GO:0007154,GO:0007165,GO:0007166,GO:0007167,GO:0007178,GO:0007275,GO:0007276,GO:0007389,GO:0007399,GO:0007409,GO:0007411,GO:0007417,GO:0007420,GO:0007423,GO:0007444,GO:0007455,GO:0007494,GO:0007552,GO:0007560,GO:0007600,GO:0007601,GO:0007610,GO:0007626,GO:0007628,GO:0008101,GO:0008150,GO:0008152,GO:0008344,GO:0008354,GO:0008589,GO:0009058,GO:0009059,GO:0009605,GO:0009653,GO:0009790,GO:0009791,GO:0009792,GO:0009886,GO:0009887,GO:0009888,GO:0009889,GO:0009890,GO:0009891,GO:0009892,GO:0009893,GO:0009966,GO:0009967,GO:0009987,GO:0010467,GO:0010468,GO:0010556,GO:0010557,GO:0010558,GO:0010604,GO:0010605,GO:0010628,GO:0010629,GO:0010646,GO:0010647,GO:0014020,GO:0016043,GO:0016070,GO:0016331,GO:0016477,GO:0016604,GO:0018130,GO:0019219,GO:0019222,GO:0019438,GO:0019953,GO:0021510,GO:0021915,GO:0022008,GO:0022412,GO:0022414,GO:0023051,GO:0023052,GO:0023056,GO:0030030,GO:0030154,GO:0030182,GO:0030534,GO:0030900,GO:0031175,GO:0031290,GO:0031323,GO:0031324,GO:0031325,GO:0031326,GO:0031327,GO:0031328,GO:0031490,GO:0031974,GO:0031981,GO:0032386,GO:0032388,GO:0032501,GO:0032502,GO:0032504,GO:0032774,GO:0032879,GO:0032880,GO:0032925,GO:0032927,GO:0032989,GO:0032990,GO:0033157,GO:0034641,GO:0034645,GO:0034654,GO:0035148,GO:0035214,GO:0035239,GO:0035295,GO:0035326,GO:0040011,GO:0042221,GO:0042306,GO:0042307,GO:0042330,GO:0042471,GO:0042472,GO:0043009,GO:0043170,GO:0043226,GO:0043227,GO:0043229,GO:0043231,GO:0043233,GO:0043473,GO:0043565,GO:0043583,GO:0044093,GO:0044212,GO:0044237,GO:0044238,GO:0044249,GO:0044260,GO:0044271,GO:0044422,GO:0044424,GO:0044428,GO:0044446,GO:0044451,GO:0044464,GO:0044703,GO:0044782,GO:0045892,GO:0045893,GO:0045934,GO:0045935,GO:0045944,GO:0046483,GO:0046822,GO:0046824,GO:0048066,GO:0048468,GO:0048513,GO:0048518,GO:0048519,GO:0048522,GO:0048523,GO:0048562,GO:0048563,GO:0048565,GO:0048568,GO:0048569,GO:0048583,GO:0048584,GO:0048598,GO:0048609,GO:0048646,GO:0048666,GO:0048667,GO:0048699,GO:0048707,GO:0048729,GO:0048731,GO:0048812,GO:0048839,GO:0048856,GO:0048858,GO:0048869,GO:0048870,GO:0050789,GO:0050793,GO:0050794,GO:0050877,GO:0050896,GO:0050953,GO:0051049,GO:0051050,GO:0051090,GO:0051091,GO:0051094,GO:0051171,GO:0051172,GO:0051173,GO:0051179,GO:0051222,GO:0051223,GO:0051239,GO:0051240,GO:0051252,GO:0051253,GO:0051254,GO:0051674,GO:0051704,GO:0051716,GO:0055123,GO:0060255,GO:0060322,GO:0060341,GO:0060429,GO:0060562,GO:0060606,GO:0061564,GO:0065007,GO:0065009,GO:0070013,GO:0070201,GO:0071704,GO:0071840,GO:0072175,GO:0080090,GO:0090087,GO:0090092,GO:0090100,GO:0090304,GO:0090316,GO:0090596,GO:0090659,GO:0097159,GO:0097485,GO:0097659,GO:0120036,GO:0120039,GO:0140110,GO:1900107,GO:1900145,GO:1900175,GO:1900180,GO:1900182,GO:1900224,GO:1901360,GO:1901362,GO:1901363,GO:1901576,GO:1902679,GO:1902680,GO:1903506,GO:1903507,GO:1903508,GO:1903827,GO:1903829,GO:1904589,GO:1904591,GO:1904951,GO:1990837,GO:2000026,GO:2000112,GO:2000113,GO:2000380,GO:2000382,GO:2001141"
"65","ptg000026l","Liftoff","gene",10154234,10158776,".","+",".","ID=gene:ENSLAIG00005007976;Name=PTPRG;biotype=protein_coding;description=protein tyrosine phosphatase receptor type G [Ensembl NN prediction with score 94.9%25];gene_id=ENSLAIG00005007976;version=1;coverage=0.992;sequence_ID=0.943;valid_ORFs=0;extra_copy_number=0;copy_num_ID=gene:ENSLAIG00005007976_0"
"66","ptg000026l","Liftoff","mRNA",10154234,10158776,".","+",".","ID=transcript:ENSLAIT00005013255;Parent=gene:ENSLAIG00005007976;biotype=protein_coding;tag=Ensembl_canonical;transcript_id=ENSLAIT00005013255;version=1;matches_ref_protein=False;valid_ORF=False;missing_stop_codon=True;extra_copy_number=0;em_target=34740.HMEL007154-PA;em_score=850.0;em_evalue=1.13e-297;em_tcov=55.5;em_OGs=2CYII@1|root,2S4MQ@2759|Eukaryota,39TTU@33154|Opisthokonta,3C48I@33208|Metazoa,3DJ63@33213|Bilateria,423DV@6656|Arthropoda,3SPV9@50557|Insecta,443Q9@7088|Lepidoptera;em_COG_cat=None;em_desc=None;em_max_annot_lvl=33208|Metazoa;em_Preferred_name="
"67","ptg000029l","Liftoff","mRNA",466308,472183,".","-",".","ID=transcript:ENSLAIT00005015472;Parent=gene:ENSLAIG00005009406;biotype=protein_coding;transcript_id=ENSLAIT00005015472;version=1;matches_ref_protein=False;valid_ORF=False;inframe_stop_codon=True;extra_copy_number=0"
"68","ptg000029l","Liftoff","gene",466308,473271,".","-",".","ID=gene:ENSLAIG00005009406;biotype=protein_coding;gene_id=ENSLAIG00005009406;version=1;coverage=0.973;sequence_ID=0.888;valid_ORFs=0;extra_copy_number=0;copy_num_ID=gene:ENSLAIG00005009406_0"
"69","ptg000029l","Liftoff","mRNA",467172,473271,".","-",".","ID=transcript:ENSLAIT00005015450;Parent=gene:ENSLAIG00005009406;biotype=protein_coding;tag=Ensembl_canonical;transcript_id=ENSLAIT00005015450;version=1;matches_ref_protein=False;valid_ORF=False;missing_start_codon=True;extra_copy_number=0"
"70","ptg000029l","Liftoff","gene",3482348,3483519,".","-",".","ID=gene:ENSLAIG00005006221;biotype=protein_coding;gene_id=ENSLAIG00005006221;version=1;coverage=0.862;sequence_ID=0.799;valid_ORFs=1;extra_copy_number=0;copy_num_ID=gene:ENSLAIG00005006221_0"
"71","ptg000029l","Liftoff","mRNA",3482348,3483519,".","-",".","ID=transcript:ENSLAIT00005010673;Parent=gene:ENSLAIG00005006221;biotype=protein_coding;tag=Ensembl_canonical;transcript_id=ENSLAIT00005010673;version=1;matches_ref_protein=False;valid_ORF=True;extra_copy_number=0;em_target=13037.EHJ64662;em_score=256.0;em_evalue=2.19e-84;em_tcov=72.4;em_OGs=COG0020@1|root,KOG1602@2759|Eukaryota,38CFC@33154|Opisthokonta,3BF8E@33208|Metazoa,3CXJD@33213|Bilateria,41XJQ@6656|Arthropoda,3SKDP@50557|Insecta,449I2@7088|Lepidoptera;em_COG_cat=I;em_desc=Adds multiple copies of isopentenyl pyrophosphate (IPP) to farnesyl pyrophosphate (FPP) to produce dehydrodolichyl diphosphate (Dedol-PP), a precursor of dolichol which is utilized as a sugar carrier in protein glycosylation in the endoplasmic reticulum (ER);em_max_annot_lvl=33208|Metazoa;em_Preferred_name=DHDDS;em_EC=2.5.1.87;em_KEGG_ko=ko:K11778;em_KEGG_Pathway=ko00900,ko01110,map00900,map01110;em_KEGG_Reaction=R05556;em_KEGG_rclass=RC00279,RC02839;em_BRITE=ko00000,ko00001,ko01000,ko01006;em_PFAMs=Prenyltransf;em_GOs=GO:0002094,GO:0003674,GO:0003824,GO:0004659,GO:0005575,GO:0005622,GO:0005623,GO:0005737,GO:0005783,GO:0005789,GO:0006066,GO:0006629,GO:0006720,GO:0008150,GO:0008152,GO:0008299,GO:0008610,GO:0009058,GO:0009987,GO:0012505,GO:0016020,GO:0016093,GO:0016094,GO:0016740,GO:0016765,GO:0031984,GO:0042175,GO:0043226,GO:0043227,GO:0043229,GO:0043231,GO:0044237,GO:0044238,GO:0044249,GO:0044255,GO:0044281,GO:0044283,GO:0044422,GO:0044424,GO:0044425,GO:0044432,GO:0044444,GO:0044446,GO:0044464,GO:0046165,GO:0071704,GO:0098827,GO:1901576,GO:1901615,GO:1901617"
"72","ptg000030l","Liftoff","gene",5997035,5997719,".","+",".","ID=gene:ENSLAIG00005001791;Name=CRLS1;biotype=protein_coding;description=cardiolipin synthase 1 [Ensembl NN prediction with score 99%25];gene_id=ENSLAIG00005001791;version=1;coverage=0.984;sequence_ID=0.893;valid_ORFs=0;extra_copy_number=0;copy_num_ID=gene:ENSLAIG00005001791_0"
"73","ptg000030l","Liftoff","mRNA",5997035,5997719,".","+",".","ID=transcript:ENSLAIT00005004085;Parent=gene:ENSLAIG00005001791;biotype=protein_coding;tag=Ensembl_canonical;transcript_id=ENSLAIT00005004085;version=1;matches_ref_protein=False;valid_ORF=False;missing_stop_codon=True;extra_copy_number=0;em_target=34740.HMEL003670-PA;em_score=108.0;em_evalue=1e-24;em_tcov=47.6;em_OGs=2D90Z@1|root,2TCF1@2759|Eukaryota,397XK@33154|Opisthokonta,3CC6T@33208|Metazoa,3DTGP@33213|Bilateria,42C5A@6656|Arthropoda,3STWX@50557|Insecta,44A74@7088|Lepidoptera;em_COG_cat=None;em_desc=None;em_max_annot_lvl=33208|Metazoa;em_Preferred_name="
"74","ptg000030l","Liftoff","gene",11621372,11745374,".","-",".","ID=gene:ENSLAIG00005013164;biotype=protein_coding;gene_id=ENSLAIG00005013164;version=1;coverage=1.0;sequence_ID=0.956;valid_ORFs=1;extra_copy_number=0;copy_num_ID=gene:ENSLAIG00005013164_0"
"75","ptg000030l","Liftoff","mRNA",11621372,11745374,".","-",".","ID=transcript:ENSLAIT00005021104;Parent=gene:ENSLAIG00005013164;biotype=protein_coding;tag=Ensembl_canonical;transcript_id=ENSLAIT00005021104;version=1;matches_ref_protein=False;valid_ORF=True;extra_copy_number=0;em_target=34740.HMEL005630-PA;em_score=526.0;em_evalue=8.03e-188;em_tcov=97.8;em_OGs=2AR2M@1|root,2RZKC@2759|Eukaryota,3A1S9@33154|Opisthokonta,3BQVU@33208|Metazoa,3D75J@33213|Bilateria,41ZBH@6656|Arthropoda,3SMVA@50557|Insecta,4495R@7088|Lepidoptera;em_COG_cat=K;em_desc=c4 zinc finger in nuclear hormone receptors;em_max_annot_lvl=33208|Metazoa;em_Preferred_name=Eg;em_KEGG_ko=ko:K08706;em_BRITE=ko00000,ko03000,ko03310;em_PFAMs=zf-C4;em_GOs=GO:0006355,GO:0007275,GO:0007399,GO:0007417,GO:0008150,GO:0009889,GO:0010468,GO:0010556,GO:0019219,GO:0019222,GO:0031323,GO:0031326,GO:0032501,GO:0032502,GO:0048731,GO:0048856,GO:0050789,GO:0050794,GO:0051171,GO:0051252,GO:0060255,GO:0065007,GO:0080090,GO:1903506,GO:2000112,GO:2001141"
"76","ptg000032l","Liftoff","gene",552280,553416,".","-",".","ID=gene:ENSLAIG00005007805;biotype=protein_coding;gene_id=ENSLAIG00005007805;version=1;coverage=1.0;sequence_ID=0.957;valid_ORFs=1;extra_copy_number=0;copy_num_ID=gene:ENSLAIG00005007805_0"
"77","ptg000032l","Liftoff","mRNA",552280,553416,".","-",".","ID=transcript:ENSLAIT00005012998;Parent=gene:ENSLAIG00005007805;biotype=protein_coding;tag=Ensembl_canonical;transcript_id=ENSLAIT00005012998;version=1;matches_ref_protein=False;valid_ORF=True;extra_copy_number=0;em_target=34740.HMEL003091-PA;em_score=278.0;em_evalue=2.44e-94;em_tcov=90.3;em_OGs=KOG3591@1|root,KOG3591@2759|Eukaryota,39ID4@33154|Opisthokonta,3C3F0@33208|Metazoa,3DRUT@33213|Bilateria,4280D@6656|Arthropoda,3SXNK@50557|Insecta,445AU@7088|Lepidoptera;em_COG_cat=O;em_desc=Hsp20/alpha crystallin family;em_max_annot_lvl=33208|Metazoa;em_Preferred_name=;em_KEGG_ko=ko:K09542;em_KEGG_Pathway=ko04141,ko04213,map04141,map04213;em_BRITE=ko00000,ko00001,ko03110,ko04147;em_PFAMs=HSP20"
"78","ptg000032l","Liftoff","gene",4128185,4129923,".","+",".","ID=gene:ENSLAIG00005008481;Name=NOVA1;biotype=protein_coding;description=NOVA alternative splicing regulator 1 [Ensembl NN prediction with score 84.35%25];gene_id=ENSLAIG00005008481;version=1;coverage=1.0;sequence_ID=0.935;valid_ORFs=1;extra_copy_number=0;copy_num_ID=gene:ENSLAIG00005008481_0"
"79","ptg000032l","Liftoff","mRNA",4128185,4129923,".","+",".","ID=transcript:ENSLAIT00005014032;Parent=gene:ENSLAIG00005008481;biotype=protein_coding;tag=Ensembl_canonical;transcript_id=ENSLAIT00005014032;version=1;matches_ref_protein=False;valid_ORF=True;extra_copy_number=0;em_target=34740.HMEL009074-PA;em_score=268.0;em_evalue=1.26e-81;em_tcov=100.0;em_OGs=2FA73@1|root,2TBDK@2759|Eukaryota,396K1@33154|Opisthokonta,3CAYJ@33208|Metazoa,3DS70@33213|Bilateria,42CJH@6656|Arthropoda,3T0PC@50557|Insecta,4460J@7088|Lepidoptera;em_COG_cat=None;em_desc=None;em_max_annot_lvl=33208|Metazoa;em_Preferred_name="
"80","ptg000044l","Liftoff","gene",1201528,1204272,".","-",".","ID=gene:ENSLAIG00005006428;biotype=protein_coding;gene_id=ENSLAIG00005006428;version=1;coverage=0.998;sequence_ID=0.960;valid_ORFs=1;extra_copy_number=0;copy_num_ID=gene:ENSLAIG00005006428_0"
"81","ptg000044l","Liftoff","mRNA",1201528,1204272,".","-",".","ID=transcript:ENSLAIT00005010990;Parent=gene:ENSLAIG00005006428;biotype=protein_coding;tag=Ensembl_canonical;transcript_id=ENSLAIT00005010990;version=1;matches_ref_protein=False;valid_ORF=True;extra_copy_number=0;em_target=34740.HMEL007136-PA;em_score=168.0;em_evalue=1.47e-51;em_tcov=100.0;em_OGs=2FASI@1|root,2TBZP@2759|Eukaryota,397CI@33154|Opisthokonta,3CBNQ@33208|Metazoa,3DSY9@33213|Bilateria,42919@6656|Arthropoda,3SYI5@50557|Insecta,447FC@7088|Lepidoptera;em_COG_cat=None;em_desc=None;em_max_annot_lvl=33208|Metazoa;em_Preferred_name="
"82","ptg000045l","Liftoff","gene",6068655,6071089,".","+",".","ID=gene:ENSLAIG00005014176;Name=NSD3;biotype=protein_coding;description=nuclear receptor binding SET domain protein 3 [Ensembl NN prediction with score 90.17%25];gene_id=ENSLAIG00005014176;version=1;coverage=0.997;sequence_ID=0.920;valid_ORFs=0;extra_copy_number=0;copy_num_ID=gene:ENSLAIG00005014176_0"
"83","ptg000045l","Liftoff","mRNA",6068655,6071089,".","+",".","ID=transcript:ENSLAIT00005000611;Parent=gene:ENSLAIG00005014176;biotype=protein_coding;tag=Ensembl_canonical;transcript_id=ENSLAIT00005000611;version=1;matches_ref_protein=False;valid_ORF=False;missing_start_codon=True;extra_copy_number=0;em_target=34740.HMEL007748-PA;em_score=442.0;em_evalue=7.58e-151;em_tcov=97.3;em_OGs=2DZUM@1|root,2S7B7@2759|Eukaryota,3A9VA@33154|Opisthokonta,3BUJZ@33208|Metazoa,3DBDF@33213|Bilateria,4215P@6656|Arthropoda,3SPEX@50557|Insecta,4434X@7088|Lepidoptera;em_COG_cat=S;em_desc=Insect cuticle protein;em_max_annot_lvl=33208|Metazoa;em_PFAMs=Chitin_bind_4;em_Preferred_name="
"84","ptg000045l","Liftoff","gene",6644759,6645578,".","-",".","ID=gene:ENSLAIG00005002582;biotype=protein_coding;gene_id=ENSLAIG00005002582;version=1;coverage=1.0;sequence_ID=0.963;valid_ORFs=1;extra_copy_number=0;copy_num_ID=gene:ENSLAIG00005002582_0"
"85","ptg000045l","Liftoff","mRNA",6644759,6645578,".","-",".","ID=transcript:ENSLAIT00005005235;Parent=gene:ENSLAIG00005002582;biotype=protein_coding;tag=Ensembl_canonical;transcript_id=ENSLAIT00005005235;version=1;matches_ref_protein=False;valid_ORF=True;extra_copy_number=0;em_target=7091.BGIBMGA000340-TA;em_score=184.0;em_evalue=3.29e-58;em_tcov=67.5;em_OGs=2EQ63@1|root,2ST8A@2759|Eukaryota,3APSB@33154|Opisthokonta,3C21N@33208|Metazoa,3DHXM@33213|Bilateria,422UW@6656|Arthropoda,3SRNB@50557|Insecta,446YF@7088|Lepidoptera;em_COG_cat=S;em_desc=Insect cuticle protein;em_max_annot_lvl=33208|Metazoa;em_Preferred_name=;em_PFAMs=Chitin_bind_4;em_GOs=GO:0003674,GO:0005198,GO:0005214,GO:0005575,GO:0005576,GO:0007275,GO:0008010,GO:0008150,GO:0031012,GO:0032501,GO:0032502,GO:0040003,GO:0042302,GO:0042335,GO:0044421,GO:0048856"
"86","ptg000045l","Liftoff","mRNA",8113261,8119223,".","+",".","ID=transcript:ENSLAIT00005000253;Parent=gene:ENSLAIG00005014419;biotype=protein_coding;tag=Ensembl_canonical;transcript_id=ENSLAIT00005000253;version=1;matches_ref_protein=False;valid_ORF=False;missing_stop_codon=True;extra_copy_number=0;em_target=13037.EHJ66767;em_score=82.8;em_evalue=2.16e-17;em_tcov=14.4;em_OGs=28MBQ@1|root,2QTV3@2759|Eukaryota,391UW@33154|Opisthokonta,3BCCS@33208|Metazoa,3CY3M@33213|Bilateria,421BD@6656|Arthropoda,3SPB4@50557|Insecta,441WG@7088|Lepidoptera;em_COG_cat=S;em_desc=Transcription cofactor vestigial-like protein 4;em_max_annot_lvl=33208|Metazoa;em_Preferred_name=VGLL4;em_PFAMs=VGLL4;em_GOs="
"87","ptg000045l","Liftoff","gene",8113261,8119391,".","+",".","ID=gene:ENSLAIG00005014419;biotype=protein_coding;gene_id=ENSLAIG00005014419;version=1;coverage=0.880;sequence_ID=0.838;valid_ORFs=0;extra_copy_number=0;copy_num_ID=gene:ENSLAIG00005014419_0"
"88","ptg000045l","Liftoff","mRNA",8113509,8119391,".","+",".","ID=transcript:ENSLAIT00005000260;Parent=gene:ENSLAIG00005014419;biotype=protein_coding;transcript_id=ENSLAIT00005000260;version=1;matches_ref_protein=False;valid_ORF=False;missing_stop_codon=True;extra_copy_number=0;em_target=7091.BGIBMGA000407-TA;em_score=139.0;em_evalue=4.37e-39;em_tcov=27.3;em_OGs=28MBQ@1|root,2QTV3@2759|Eukaryota,391UW@33154|Opisthokonta,3BCCS@33208|Metazoa,3CY3M@33213|Bilateria,421BD@6656|Arthropoda,3SPB4@50557|Insecta,441WG@7088|Lepidoptera;em_COG_cat=S;em_desc=Transcription cofactor vestigial-like protein 4;em_max_annot_lvl=33208|Metazoa;em_Preferred_name=VGLL4;em_PFAMs=VGLL4;em_GOs="
"89","ptg000045l","Liftoff","mRNA",8487314,8492306,".","+",".","ID=transcript:ENSLAIT00005000454;Parent=gene:ENSLAIG00005014289;biotype=protein_coding;tag=Ensembl_canonical;transcript_id=ENSLAIT00005000454;version=1;matches_ref_protein=False;valid_ORF=False;missing_start_codon=True;extra_copy_number=0;em_target=13037.EHJ78881;em_score=694.0;em_evalue=2.78e-251;em_tcov=99.7;em_OGs=COG3386@1|root,2QSYY@2759|Eukaryota,39VJ8@33154|Opisthokonta,3BJV3@33208|Metazoa,3CV7S@33213|Bilateria,41VUJ@6656|Arthropoda,3SFS8@50557|Insecta,442MN@7088|Lepidoptera;em_COG_cat=G;em_desc=Major royal jelly protein;em_max_annot_lvl=33208|Metazoa;em_Preferred_name=Y-f;em_PFAMs=MRJP;em_GOs=GO:0006582,GO:0006725,GO:0007275,GO:0008150,GO:0008152,GO:0009058,GO:0009987,GO:0018958,GO:0019438,GO:0019748,GO:0032501,GO:0032502,GO:0042335,GO:0042438,GO:0042440,GO:0043473,GO:0044237,GO:0044249,GO:0044550,GO:0046148,GO:0046189,GO:0048066,GO:0048067,GO:0048856,GO:0071704,GO:1901360,GO:1901362,GO:1901576,GO:1901615,GO:1901617"
"90","ptg000045l","Liftoff","gene",8487314,8492360,".","+",".","ID=gene:ENSLAIG00005014289;biotype=protein_coding;gene_id=ENSLAIG00005014289;version=1;coverage=0.997;sequence_ID=0.945;valid_ORFs=1;extra_copy_number=0;copy_num_ID=gene:ENSLAIG00005014289_0"
"91","ptg000045l","Liftoff","mRNA",8487450,8492360,".","+",".","ID=transcript:ENSLAIT00005000453;Parent=gene:ENSLAIG00005014289;biotype=protein_coding;transcript_id=ENSLAIT00005000453;version=1;matches_ref_protein=False;valid_ORF=True;extra_copy_number=0;em_target=34740.HMEL007124-PA;em_score=515.0;em_evalue=2.17e-184;em_tcov=87.5;em_OGs=COG3386@1|root,2QSYY@2759|Eukaryota,39VJ8@33154|Opisthokonta,3BJV3@33208|Metazoa,3CV7S@33213|Bilateria,41VUJ@6656|Arthropoda,3SFS8@50557|Insecta,442MN@7088|Lepidoptera;em_COG_cat=G;em_desc=Major royal jelly protein;em_max_annot_lvl=33208|Metazoa;em_Preferred_name=Y-f;em_PFAMs=MRJP;em_GOs=GO:0006582,GO:0006725,GO:0007275,GO:0008150,GO:0008152,GO:0009058,GO:0009987,GO:0018958,GO:0019438,GO:0019748,GO:0032501,GO:0032502,GO:0042335,GO:0042438,GO:0042440,GO:0043473,GO:0044237,GO:0044249,GO:0044550,GO:0046148,GO:0046189,GO:0048066,GO:0048067,GO:0048856,GO:0071704,GO:1901360,GO:1901362,GO:1901576,GO:1901615,GO:1901617"
"92","ptg000045l","Liftoff","gene",8909589,8910608,".","-",".","ID=gene:ENSLAIG00005002968;biotype=protein_coding;gene_id=ENSLAIG00005002968;version=1;coverage=0.848;sequence_ID=0.773;valid_ORFs=1;extra_copy_number=0;copy_num_ID=gene:ENSLAIG00005002968_0"
"93","ptg000045l","Liftoff","mRNA",8909589,8910608,".","-",".","ID=transcript:ENSLAIT00005005773;Parent=gene:ENSLAIG00005002968;biotype=protein_coding;tag=Ensembl_canonical;transcript_id=ENSLAIT00005005773;version=1;matches_ref_protein=False;valid_ORF=True;extra_copy_number=0;em_target=34740.HMEL003397-PA;em_score=179.0;em_evalue=8.14e-56;em_tcov=48.3;em_OGs=2ER2R@1|root,2STYQ@2759|Eukaryota,3AQZ4@33154|Opisthokonta,3C28Y@33208|Metazoa,3DHXV@33213|Bilateria,42348@6656|Arthropoda,3SPF9@50557|Insecta,447C3@7088|Lepidoptera;em_COG_cat=S;em_desc=cuticle protein;em_max_annot_lvl=33208|Metazoa;em_Preferred_name=;em_PFAMs=Chitin_bind_4;em_GOs=GO:0003674,GO:0005198,GO:0005214,GO:0005575,GO:0005576,GO:0007275,GO:0008010,GO:0008150,GO:0031012,GO:0032501,GO:0032502,GO:0040003,GO:0042302,GO:0042335,GO:0044421,GO:0048856"
"94","ptg000045l","Liftoff","gene",8984330,8989440,".","-",".","ID=gene:ENSLAIG00005003367;Name=MFAP4;biotype=protein_coding;description=microfibril associated protein 4 [Ensembl NN prediction with score 84.68%25];gene_id=ENSLAIG00005003367;version=1;coverage=0.898;sequence_ID=0.862;valid_ORFs=1;extra_copy_number=0;copy_num_ID=gene:ENSLAIG00005003367_0"
"95","ptg000045l","Liftoff","mRNA",8984330,8989440,".","-",".","ID=transcript:ENSLAIT00005006360;Parent=gene:ENSLAIG00005003367;biotype=protein_coding;tag=Ensembl_canonical;transcript_id=ENSLAIT00005006360;version=1;matches_ref_protein=False;valid_ORF=True;extra_copy_number=0;em_target=7091.BGIBMGA000250-TA;em_score=165.0;em_evalue=1.11e-50;em_tcov=100.0;em_OGs=2C9WU@1|root,2SGA3@2759|Eukaryota,3AD82@33154|Opisthokonta,3BVX2@33208|Metazoa,3DCVG@33213|Bilateria,421KB@6656|Arthropoda,3SNY2@50557|Insecta,447D7@7088|Lepidoptera;em_COG_cat=S;em_desc=Insect cuticle protein;em_max_annot_lvl=33208|Metazoa;em_Preferred_name=;em_PFAMs=Chitin_bind_4;em_GOs=GO:0003674,GO:0005198,GO:0005214,GO:0005575,GO:0005576,GO:0007275,GO:0008010,GO:0008150,GO:0031012,GO:0032501,GO:0032502,GO:0040003,GO:0042302,GO:0042335,GO:0044421,GO:0048856"
